Target,Replacement,Affected Links,Total Files,File List
/burials-and-memorials,/burials-and-memorials/,236,2,"../vets-website/content/includes/footer.html|../vets-website/content/pages/burials-and-memorials/application/530.md" 
/burials-and-memorials/burial-planning,/burials-and-memorials/burial-planning/,9,2,"../vets-website/content/pages/burials-and-memorials/burial-planning/application.md|../vets-website/content/pages/burials-and-memorials/pre-need/after-you-apply.md" 
/burials-and-memorials/burial-planning/flags-and-memorial-certificates,/burials-and-memorials/burial-planning/flags-and-memorial-certificates/,5,0,"" 
/burials-and-memorials/burial-planning/headstones-markers-medallions,/burials-and-memorials/burial-planning/headstones-markers-medallions/,5,0,"" 
/burials-and-memorials/eligibility,/burials-and-memorials/eligibility/,8,1,"../vets-website/src/js/burials/helpers.jsx" 
/burials-and-memorials/find-a-cemetery,/burials-and-memorials/find-a-cemetery/,7,1,"../vets-website/content/pages/burials-and-memorials/index.md" 
/burials-and-memorials/survivor-and-dependent-benefits,/burials-and-memorials/survivor-and-dependent-benefits/,11,2,"../vets-website/content/pages/burials-and-memorials/application/530.md|../vets-website/content/pages/burials-and-memorials/index.md" 
/burials-and-memorials/survivor-and-dependent-benefits/burial-costs,/burials-and-memorials/survivor-and-dependent-benefits/burial-costs/,5,1,"../vets-website/content/pages/burials-and-memorials/survivor-and-dependent-benefits.md" 
/burials-and-memorials/survivor-and-dependent-benefits/compensation,/burials-and-memorials/survivor-and-dependent-benefits/compensation/,5,1,"../vets-website/content/pages/burials-and-memorials/survivor-and-dependent-benefits.md" 
/burials-and-memorials/what-to-expect-at-a-funeral,/burials-and-memorials/what-to-expect-at-a-funeral/,8,0,"" 
/disability-benefits,/disability-benefits/,61,1,"../vets-website/src/js/claims-status/components/Breadcrumbs.jsx" 
/disability-benefits/after-you-apply,/disability-benefits/after-you-apply/,10,1,"../vets-website/content/pages/disability-benefits/apply.md" 
/disability-benefits/after-you-apply/date,/disability-benefits/after-you-apply/date/,4,0,"" 
/disability-benefits/after-you-apply/what-happens-after-rating,/disability-benefits/after-you-apply/what-happens-after-rating/,4,0,"" 
/disability-benefits/apply,/disability-benefits/apply/,26,0,"" 
/disability-benefits/apply/claim-types,/disability-benefits/apply/claim-types/,21,0,"" 
/disability-benefits/apply/claim-types/fully-developed-claim,/disability-benefits/apply/claim-types/fully-developed-claim/,13,0,"" 
/disability-benefits/apply/claim-types/in-service,/disability-benefits/apply/claim-types/in-service/,13,0,"" 
/disability-benefits/apply/claim-types/new-claim,/disability-benefits/apply/claim-types/new-claim/,13,0,"" 
/disability-benefits/apply/claim-types/original-claim,/disability-benefits/apply/claim-types/original-claim/,13,0,"" 
/disability-benefits/apply/claim-types/post-service,/disability-benefits/apply/claim-types/post-service/,12,0,"" 
/disability-benefits/apply/claim-types/predischarge-claim,/disability-benefits/apply/claim-types/predischarge-claim/,17,0,"" 
/disability-benefits/apply/claim-types/predischarge-claim/bdd,/disability-benefits/apply/claim-types/predischarge-claim/bdd/,9,1,"../vets-website/content/pages/disability-benefits/apply/claim-types/predischarge-claim.md" 
/disability-benefits/apply/claim-types/predischarge-claim/overseas,/disability-benefits/apply/claim-types/predischarge-claim/overseas/,7,1,"../vets-website/content/pages/disability-benefits/apply/claim-types/predischarge-claim.md" 
/disability-benefits/apply/claim-types/predischarge-claim/quick-start,/disability-benefits/apply/claim-types/predischarge-claim/quick-start/,7,0,"" 
/disability-benefits/apply/claim-types/pre-service,/disability-benefits/apply/claim-types/pre-service/,13,0,"" 
/disability-benefits/apply/claim-types/reopened-claim,/disability-benefits/apply/claim-types/reopened-claim/,13,0,"" 
/disability-benefits/apply/claim-types/secondary-claim,/disability-benefits/apply/claim-types/secondary-claim/,13,0,"" 
/disability-benefits/apply/claim-types/standard-claim,/disability-benefits/apply/claim-types/standard-claim/,12,0,"" 
/disability-benefits/apply/evidence,/disability-benefits/apply/evidence/,8,0,"" 
/disability-benefits/apply/help,/disability-benefits/apply/help/,7,1,"../vets-website/src/js/pre-need/components/IntroductionPage.jsx" 
/disability-benefits/apply/one-year,/disability-benefits/apply/one-year/,9,0,"" 
/disability-benefits/claims-appeal,/disability-benefits/claims-appeal/,6,0,"" 
/disability-benefits/claims-appeal/hearings,/disability-benefits/claims-appeal/hearings/,2,0,"" 
/disability-benefits/conditions,/disability-benefits/conditions/,37,0,"" 
/disability-benefits/conditions/exposure-to-hazardous-materials,/disability-benefits/conditions/exposure-to-hazardous-materials/,25,0,"" 
/disability-benefits/conditions/exposure-to-hazardous-materials/agent-orange,/disability-benefits/conditions/exposure-to-hazardous-materials/agent-orange/,21,0,"" 
/disability-benefits/conditions/exposure-to-hazardous-materials/agent-orange/c-123,/disability-benefits/conditions/exposure-to-hazardous-materials/agent-orange/c-123/,11,0,"" 
/disability-benefits/conditions/exposure-to-hazardous-materials/agent-orange/diseases,/disability-benefits/conditions/exposure-to-hazardous-materials/agent-orange/diseases/,12,0,"" 
/disability-benefits/conditions/exposure-to-hazardous-materials/agent-orange/navy-coast-guard,/disability-benefits/conditions/exposure-to-hazardous-materials/agent-orange/navy-coast-guard/,12,0,"" 
/disability-benefits/conditions/exposure-to-hazardous-materials/agent-orange/non-hodgkins,/disability-benefits/conditions/exposure-to-hazardous-materials/agent-orange/non-hodgkins/,12,0,"" 
/disability-benefits/conditions/exposure-to-hazardous-materials/agent-orange/registry-health-exam,/disability-benefits/conditions/exposure-to-hazardous-materials/agent-orange/registry-health-exam/,11,0,"" 
/disability-benefits/conditions/exposure-to-hazardous-materials/agent-orange/service-inside,/disability-benefits/conditions/exposure-to-hazardous-materials/agent-orange/service-inside/,12,0,"" 
/disability-benefits/conditions/exposure-to-hazardous-materials/agent-orange/service-outside,/disability-benefits/conditions/exposure-to-hazardous-materials/agent-orange/service-outside/,12,0,"" 
/disability-benefits/conditions/exposure-to-hazardous-materials/agent-orange/test-storage,/disability-benefits/conditions/exposure-to-hazardous-materials/agent-orange/test-storage/,11,0,"" 
/disability-benefits/conditions/exposure-to-hazardous-materials/agent-orange/thailand-military-bases,/disability-benefits/conditions/exposure-to-hazardous-materials/agent-orange/thailand-military-bases/,12,0,"" 
/disability-benefits/conditions/exposure-to-hazardous-materials/agent-orange/water-vietnam,/disability-benefits/conditions/exposure-to-hazardous-materials/agent-orange/water-vietnam/,11,0,"" 
/disability-benefits/conditions/exposure-to-hazardous-materials/asbestos,/disability-benefits/conditions/exposure-to-hazardous-materials/asbestos/,13,0,"" 
/disability-benefits/conditions/exposure-to-hazardous-materials/birth-defects,/disability-benefits/conditions/exposure-to-hazardous-materials/birth-defects/,13,0,"" 
/disability-benefits/conditions/exposure-to-hazardous-materials/contaminated-drinking-water-at-camp-lejeune,/disability-benefits/conditions/exposure-to-hazardous-materials/contaminated-drinking-water-at-camp-lejeune/,13,0,"" 
/disability-benefits/conditions/exposure-to-hazardous-materials/gulf-war-illness,/disability-benefits/conditions/exposure-to-hazardous-materials/gulf-war-illness/,13,0,"" 
/disability-benefits/conditions/exposure-to-hazardous-materials/gulf-war-illness-from-service-in-afghanistan,/disability-benefits/conditions/exposure-to-hazardous-materials/gulf-war-illness-from-service-in-afghanistan/,14,1,"../vets-website/content/pages/disability-benefits/conditions/exposure-to-hazardous-materials/gulf-war-illness.md" 
/disability-benefits/conditions/exposure-to-hazardous-materials/mustard-gas,/disability-benefits/conditions/exposure-to-hazardous-materials/mustard-gas/,13,0,"" 
/disability-benefits/conditions/exposure-to-hazardous-materials/project112-SHAD,/disability-benefits/conditions/exposure-to-hazardous-materials/project112-SHAD/,13,0,"" 
/disability-benefits/conditions/exposure-to-hazardous-materials/radiation-exposure,/disability-benefits/conditions/exposure-to-hazardous-materials/radiation-exposure/,13,0,"" 
/disability-benefits/conditions/exposure-to-hazardous-materials/specific-environmental-hazards,/disability-benefits/conditions/exposure-to-hazardous-materials/specific-environmental-hazards/,12,0,"" 
/disability-benefits/conditions/pow,/disability-benefits/conditions/pow/,6,0,"" 
/disability-benefits/conditions/ptsd,/disability-benefits/conditions/ptsd/,7,2,"../vets-website/content/pages/health-care/health-conditions/mental-health/ptsd.md|../vets-website/content/pages/health-care/health-conditions/military-sexual-trauma.md" 
/disability-benefits/conditions/special-claims,/disability-benefits/conditions/special-claims/,14,0,"" 
/disability-benefits/conditions/special-claims/automobile,/disability-benefits/conditions/special-claims/automobile/,10,0,"" 
/disability-benefits/conditions/special-claims/clothing,/disability-benefits/conditions/special-claims/clothing/,11,0,"" 
/disability-benefits/conditions/special-claims/convalescence,/disability-benefits/conditions/special-claims/convalescence/,11,0,"" 
/disability-benefits/conditions/special-claims/dentistry,/disability-benefits/conditions/special-claims/dentistry/,11,0,"" 
/disability-benefits/conditions/special-claims/hospitalization,/disability-benefits/conditions/special-claims/hospitalization/,11,0,"" 
/disability-benefits/conditions/special-claims/individual-unemployability,/disability-benefits/conditions/special-claims/individual-unemployability/,12,1,"../vets-website/content/pages/disability-benefits/conditions/special-claims.md" 
/disability-benefits/conditions/special-claims/prestabilization,/disability-benefits/conditions/special-claims/prestabilization/,10,0,"" 
/disability-benefits/conditions/special-claims/title-38-USC-1151,/disability-benefits/conditions/special-claims/title-38-USC-1151/,11,0,"" 
/disability-benefits/eligibility,/disability-benefits/eligibility/,9,1,"../vets-website/content/pages/disability-benefits/apply.md" 
/disability-benefits/eligibility/presumed-disability,/disability-benefits/eligibility/presumed-disability/,4,0,"" 
/disability-benefits/eligibility/ratings,/disability-benefits/eligibility/ratings/,4,0,"" 
/education,/education/,46,2,"../vets-website/content/pages/disability-benefits/after-you-apply/what-happens-after-rating.md|../vets-website/src/js/gi/components/heading/Breadcrumbs.jsx" 
/education/advanced-training-and-certifications,/education/advanced-training-and-certifications/,14,0,"" 
/education/advanced-training-and-certifications/entrepreneurship-training,/education/advanced-training-and-certifications/entrepreneurship-training/,7,1,"../vets-website/content/pages/education/advanced-training-and-certifications.md" 
/education/advanced-training-and-certifications/flight-training,/education/advanced-training-and-certifications/flight-training/,8,1,"../vets-website/content/pages/education/advanced-training-and-certifications.md" 
/education/advanced-training-and-certifications/licensing-certification,/education/advanced-training-and-certifications/licensing-certification/,8,1,"../vets-website/content/pages/education/advanced-training-and-certifications.md" 
/education/advanced-training-and-certifications/national-testing-program,/education/advanced-training-and-certifications/national-testing-program/,7,1,"../vets-website/content/pages/education/advanced-training-and-certifications.md" 
/education/after-you-apply,/education/after-you-apply/,10,7,"../vets-website/content/pages/education/apply.md|../vets-website/src/js/edu-benefits/1990/containers/ConfirmationPage.jsx|../vets-website/src/js/edu-benefits/1990e/containers/ConfirmationPage.jsx|../vets-website/src/js/edu-benefits/1990n/containers/ConfirmationPage.jsx|../vets-website/src/js/edu-benefits/1995/containers/ConfirmationPage.jsx|../vets-website/src/js/edu-benefits/5490/containers/ConfirmationPage.jsx|../vets-website/src/js/edu-benefits/5495/containers/ConfirmationPage.jsx" 
/education/apply,/education/apply/,13,3,"../vets-website/content/pages/education/apply-for-education-benefits.md|../vets-website/content/pages/education/eligibility.md|../vets-website/src/js/gi/components/content/AdditionalResources.jsx" 
/education/eligibility,/education/eligibility/,213,2,"../vets-website/content/includes/veteran-navigation.html|../vets-website/src/js/post-911-gib-status/utils/helpers.jsx" 
/education/gi-bill,/education/gi-bill/,26,1,"../vets-website/src/js/gi/components/heading/Breadcrumbs.jsx" 
/education/gi-bill/buy-up-program,/education/gi-bill/buy-up-program/,15,0,"" 
/education/gi-bill/foreign-programs,/education/gi-bill/foreign-programs/,14,0,"" 
/education/gi-bill/higher-learning,/education/gi-bill/higher-learning/,15,0,"" 
/education/gi-bill/montgomery-active-duty,/education/gi-bill/montgomery-active-duty/,16,1,"../vets-website/content/pages/education/advanced-training-and-certifications/entrepreneurship-training.md" 
/education/gi-bill/montgomery-selected-reserve,/education/gi-bill/montgomery-selected-reserve/,16,1,"../vets-website/content/pages/education/advanced-training-and-certifications/entrepreneurship-training.md" 
/education/gi-bill/post-9-11,/education/gi-bill/post-9-11/,18,1,"../vets-website/content/pages/education/advanced-training-and-certifications/entrepreneurship-training.md" 
/education/gi-bill/survivors-dependent-assistance,/education/gi-bill/survivors-dependent-assistance/,17,0,"" 
/education/gi-bill/survivors-dependent-assistance/dependents-education,/education/gi-bill/survivors-dependent-assistance/dependents-education/,4,1,"../vets-website/content/pages/employment/vocational-rehab-and-employment/vetsuccess.md" 
/education/gi-bill/survivors-dependent-assistance/fry-scholarship,/education/gi-bill/survivors-dependent-assistance/fry-scholarship/,4,0,"" 
/education/gi-bill/transfer,/education/gi-bill/transfer/,15,0,"" 
/education/gi-bill/tuition-assistance,/education/gi-bill/tuition-assistance/,15,0,"" 
/education/gi-bill/tutorial-assistance,/education/gi-bill/tutorial-assistance/,14,0,"" 
/education/gi-bill/yellow-ribbon,/education/gi-bill/yellow-ribbon/,15,1,"../vets-website/src/js/post-911-gib-status/components/EnrollmentPeriod.jsx" 
/education/other-educational-assistance-programs,/education/other-educational-assistance-programs/,12,0,"" 
/education/other-educational-assistance-programs/call-to-service,/education/other-educational-assistance-programs/call-to-service/,6,0,"" 
/education/other-educational-assistance-programs/reap,/education/other-educational-assistance-programs/reap/,5,0,"" 
/education/other-educational-assistance-programs/veap,/education/other-educational-assistance-programs/veap/,6,1,"../vets-website/content/pages/education/advanced-training-and-certifications/entrepreneurship-training.md" 
/education/rates,/education/rates/,15,0,"" 
/education/tools-programs,/education/tools-programs/,14,0,"" 
/education/tools-programs/careerscope,/education/tools-programs/careerscope/,9,0,"" 
/education/tools-programs/education-career-counseling,/education/tools-programs/education-career-counseling/,6,0,"" 
/education/tools-programs/locate-a-school,/education/tools-programs/locate-a-school/,6,0,"" 
/education/tools-programs/principles-excellence-program,/education/tools-programs/principles-excellence-program/,7,0,"" 
/education/work-learn,/education/work-learn/,18,0,"" 
/education/work-learn/co-op-training,/education/work-learn/co-op-training/,8,0,"" 
/education/work-learn/job-and-apprenticeship,/education/work-learn/job-and-apprenticeship/,8,0,"" 
/education/work-learn/non-college-degree-program,/education/work-learn/non-college-degree-program/,8,0,"" 
/education/work-learn/non-traditional,/education/work-learn/non-traditional/,10,0,"" 
/education/work-learn/non-traditional/accelerated-payments,/education/work-learn/non-traditional/accelerated-payments/,5,0,"" 
/education/work-learn/non-traditional/correspondence-training,/education/work-learn/non-traditional/correspondence-training/,6,0,"" 
/education/work-learn/non-traditional/independent-distance-learning,/education/work-learn/non-traditional/independent-distance-learning/,5,0,"" 
/education/work-learn/workstudy,/education/work-learn/workstudy/,7,0,"" 
/employment,/employment/,17,0,"" 
/employment/job-seekers,/employment/job-seekers/,29,0,"" 
/employment/job-seekers/career-fairs,/employment/job-seekers/career-fairs/,1,1,"../vets-website/content/pages/employment/job-seekers.md" 
/employment/job-seekers/family-members,/employment/job-seekers/family-members/,1,1,"../vets-website/content/pages/employment/index.md" 
/employment/job-seekers/federal-employment,/employment/job-seekers/federal-employment/,14,2,"../vets-website/content/pages/employment/job-seekers/less-than-one-year.md|../vets-website/content/pages/employment/job-seekers.md" 
/employment/job-seekers/interest-profiler,/employment/job-seekers/interest-profiler/,1,1,"../vets-website/content/pages/employment/job-seekers.md" 
/employment/job-seekers/less-than-one-year,/employment/job-seekers/less-than-one-year/,1,1,"../vets-website/content/pages/employment/job-seekers.md" 
/employment/job-seekers/one-on-one,/employment/job-seekers/one-on-one/,13,0,"" 
/employment/job-seekers/service-disabled,/employment/job-seekers/service-disabled/,2,2,"../vets-website/content/pages/employment/job-seekers/register-your-business/counseling.md|../vets-website/content/pages/employment/job-seekers.md" 
/employment/job-seekers/start,/employment/job-seekers/start/,15,0,"" 
/employment/job-seekers/unemployment-support,/employment/job-seekers/unemployment-support/,1,1,"../vets-website/content/pages/employment/job-seekers.md" 
/employment/users/auth/google_oauth2,https://accounts.google.com/o/oauth2/auth?access_type=offline&client_id=949670661176-6chimfu6jjdhkhn4vthprj0fa0t3huvr.apps.googleusercontent.com&redirect_uri=https%3A%2F%2Fwww.vets.gov%2Femployment%2Fusers%2Fauth%2Fgoogle_oauth2%2Fcallback&response_type=code&scope=email+profile&state=d7a5062bcdaf37867ba0683eecf74f5871c1f022e23ad5d6,2,0,"" 
/employment/users/auth/linkedin,,2,0,"" 
/employment/users/auth/linkedin_resume,,2,0,"" 
/faq,/faq/,8,11,"../vets-website/content/pages/faq.md|../vets-website/src/js/common/components/authentication/LoginPrompt.jsx|../vets-website/src/js/common/components/authentication/VerifyPrompt.jsx|../vets-website/src/js/login/components/Signin.jsx|../vets-website/src/js/login/components/Verify.jsx" 
/health-care,/health-care/,21,6,"../vets-website/src/js/health-records/components/Breadcrumbs.jsx|../vets-website/src/js/health-records/containers/HealthRecordsApp.jsx|../vets-website/src/js/health-records/containers/Main.jsx|../vets-website/src/js/messaging/containers/MessagingApp.jsx|../vets-website/src/js/rx/components/Breadcrumbs.jsx|../vets-website/src/js/rx/containers/RxRefillsApp.jsx" 
/health-care/about-va-health-care,/health-care/about-va-health-care/,13,0,"" 
/health-care/about-va-health-care/assisted-living-and-home-health-care,/health-care/about-va-health-care/assisted-living-and-home-health-care/,10,1,"../vets-website/content/pages/health-care/health-conditions/womens-health-care-needs.md" 
/health-care/about-va-health-care/dental-care,/health-care/about-va-health-care/dental-care/,9,0,"" 
/health-care/about-va-health-care/va-health-care-and-other-insurance,/health-care/about-va-health-care/va-health-care-and-other-insurance/,9,0,"" 
/health-care/about-va-health-care/vision-care,/health-care/about-va-health-care/vision-care/,9,0,"" 
/health-care/about-va-health-care/vision-care/blind-and-low-vision-veterans,/health-care/about-va-health-care/vision-care/blind-and-low-vision-veterans/,2,0,"" 
/health-care/about-va-health-care/where-you-get-care,/health-care/about-va-health-care/where-you-get-care/,9,0,"" 
/health-care/about-va-health-care/your-care-team,/health-care/about-va-health-care/your-care-team/,8,0,"" 
/health-care/after-you-apply,/health-care/after-you-apply/,7,1,"../vets-website/src/js/hca/containers/ConfirmationPage.jsx" 
/health-care/apply,/health-care/apply/,8,4,"../vets-website/content/pages/health-care/health-conditions/mental-health/ptsd.md|../vets-website/src/js/claims-status/components/ClaimsDecision.jsx|../vets-website/src/js/user-profile/components/AuthApplicationSection.jsx" 
/health-care/eligibility,/health-care/eligibility/,211,2,"../vets-website/content/includes/veteran-navigation.html|../vets-website/content/pages/health-care/about-va-health-care.md" 
/health-care/health-conditions,/health-care/health-conditions/,219,2,"../vets-website/content/includes/veteran-navigation.html|../vets-website/content/pages/health-care/index.md" 
/health-care/health-conditions/conditions-related-to-service-era,/health-care/health-conditions/conditions-related-to-service-era/,7,0,"" 
/health-care/health-conditions/exposure-to-hazardous-materials,/health-care/health-conditions/exposure-to-hazardous-materials/,8,0,"" 
/health-care/health-conditions/mental-health,/health-care/health-conditions/mental-health/,10,0,"" 
/health-care/health-conditions/mental-health/depression,/health-care/health-conditions/mental-health/depression/,6,0,"" 
/health-care/health-conditions/mental-health/ptsd,/health-care/health-conditions/mental-health/ptsd/,5,0,"" 
/health-care/health-conditions/mental-health/suicide-prevention,/health-care/health-conditions/mental-health/suicide-prevention/,5,0,"" 
/health-care/health-conditions/military-sexual-trauma,/health-care/health-conditions/military-sexual-trauma/,8,0,"" 
/health-care/health-conditions/substance-use-problems,/health-care/health-conditions/substance-use-problems/,7,0,"" 
/health-care/health-conditions/womens-health-care-needs,/health-care/health-conditions/womens-health-care-needs/,8,0,"" 
/housing-assistance,/housing-assistance/,11,0,"" 
/housing-assistance/adaptive-housing-grants,/housing-assistance/adaptive-housing-grants/,3,0,"" 
/housing-assistance/home-loans,/housing-assistance/home-loans/,11,0,"" 
/housing-assistance/home-loans/apply-for-certificate-of-eligibility,/housing-assistance/home-loans/apply-for-certificate-of-eligibility/,9,2,"../vets-website/content/pages/housing-assistance/home-loans/eligibility.md|../vets-website/content/pages/housing-assistance/home-loans/loan-options/cash-out-refinance.md" 
/housing-assistance/home-loans/eligibility,/housing-assistance/home-loans/eligibility/,9,2,"../vets-website/content/pages/housing-assistance/home-loans/loan-options/cash-out-refinance.md" 
/housing-assistance/home-loans/loan-options,/housing-assistance/home-loans/loan-options/,10,0,"" 
/housing-assistance/home-loans/loan-options/cash-out-refinance,/housing-assistance/home-loans/loan-options/cash-out-refinance/,6,0,"" 
/housing-assistance/home-loans/loan-options/irrrl,/housing-assistance/home-loans/loan-options/irrrl/,7,0,"" 
/housing-assistance/home-loans/loan-options/nadl,/housing-assistance/home-loans/loan-options/nadl/,7,0,"" 
/housing-assistance/home-loans/loan-options/purchase-loan,/housing-assistance/home-loans/loan-options/purchase-loan/,6,0,"" 
/housing-assistance/home-loans/trouble-making-payments,/housing-assistance/home-loans/trouble-making-payments/,6,0,"" 
/life-insurance,/life-insurance/,10,0,"" 
/life-insurance/disabled-and-terminally-ill,/life-insurance/disabled-and-terminally-ill/,5,2,"../vets-website/content/pages/life-insurance/options-and-eligibility/s-dvi.md" 
/life-insurance/manage-your-policy,/life-insurance/manage-your-policy/,4,0,"" 
/life-insurance/options-and-eligibility,/life-insurance/options-and-eligibility/,10,0,"" 
/life-insurance/options-and-eligibility/fsgli,/life-insurance/options-and-eligibility/fsgli/,9,0,"" 
/life-insurance/options-and-eligibility/s-dvi,/life-insurance/options-and-eligibility/s-dvi/,9,0,"" 
/life-insurance/options-and-eligibility/sgli,/life-insurance/options-and-eligibility/sgli/,8,1,"../vets-website/content/pages/life-insurance/disabled-and-terminally-ill.md" 
/life-insurance/options-and-eligibility/tsgli,/life-insurance/options-and-eligibility/tsgli/,9,0,"" 
/life-insurance/options-and-eligibility/vgli,/life-insurance/options-and-eligibility/vgli/,9,0,"" 
/life-insurance/options-and-eligibility/vmli,/life-insurance/options-and-eligibility/vmli/,8,0,"" 
/pension,/pension/,9,0,"" 
/pension/aid-attendance-housebound,/pension/aid-attendance-housebound/,8,0,"" 
/pension/apply,/pension/apply/,10,1,"../vets-website/content/pages/pension/application/527EZ.md" 
/pension/apply/fully-developed-claim,/pension/apply/fully-developed-claim/,2,1,"../vets-website/src/js/pensions/helpers.jsx" 
/pension/eligibility,/pension/eligibility/,7,1,"../vets-website/src/js/pensions/helpers.jsx" 
/pension/pension-management-center,/pension/pension-management-center/,7,0,"" 
/pension/rates,/pension/rates/,9,1,"../vets-website/src/js/pensions/components/IntroductionPage.jsx" 
/pension/survivors-pension,/pension/survivors-pension/,9,0,"" 
/pension/survivors-pension/rates,/pension/survivors-pension/rates/,2,0,"" 
/playbook,/playbook/,21,0,"" 
/playbook/design,/playbook/design/,4,0,"" 
/playbook/governance,/playbook/governance/,1,0,"" 
/playbook/product-methodology,/playbook/product-methodology/,9,0,"" 
/privacy,/privacy/,226,3,"../vets-website/content/includes/footer.html|../vets-website/content/pages/faq.md|../vets-website/src/js/common/components/questions/PrivacyAgreement.jsx" 
http://benefits.va.gov/INSURANCE/forms/29-0188.pdf,https://benefits.va.gov/INSURANCE/forms/29-0188.pdf,1,1,"../vets-website/content/pages/life-insurance/options-and-eligibility/s-dvi.md" 
http://benefits.va.gov/INSURANCE/forms/29-4364.pdf,https://benefits.va.gov/INSURANCE/forms/29-4364.pdf,1,1,"../vets-website/content/pages/life-insurance/options-and-eligibility/s-dvi.md" 
http://benefits.va.gov/INSURANCE/forms/29-9.htm,https://benefits.va.gov/INSURANCE/forms/29-9.htm,1,1,"../vets-website/content/pages/life-insurance/options-and-eligibility/s-dvi.md" 
http://benefits.va.gov/INSURANCE/forms/8284.htm,https://benefits.va.gov/INSURANCE/forms/8284.htm,1,1,"../vets-website/content/pages/life-insurance/disabled-and-terminally-ill.md" 
http://benefits.va.gov/INSURANCE/forms/8284A.htm,https://benefits.va.gov/INSURANCE/forms/8284A.htm,1,1,"../vets-website/content/pages/life-insurance/disabled-and-terminally-ill.md" 
http://benefits.va.gov/INSURANCE/forms/SGLV_8600A_ed2017-01.pdf,https://benefits.va.gov/INSURANCE/forms/SGLV_8600A_ed2017-01.pdf,1,1,"../vets-website/content/pages/life-insurance/options-and-eligibility/tsgli.md" 
http://benefits.va.gov/INSURANCE/resources_handbook_ins_chapter5.asp,https://benefits.va.gov/INSURANCE/resources_handbook_ins_chapter5.asp,1,1,"../vets-website/content/pages/life-insurance/disabled-and-terminally-ill.md" 
http://benefits.va.gov/INSURANCE/resources-contact.asp,https://benefits.va.gov/INSURANCE/resources-contact.asp,1,1,"../vets-website/content/pages/life-insurance/disabled-and-terminally-ill.md" 
http://benefits.va.gov/Pension/current_rates_Parents_DIC_pen.asp,https://benefits.va.gov/Pension/current_rates_Parents_DIC_pen.asp,1,1,"../vets-website/content/pages/burials-and-memorials/survivor-and-dependent-benefits/compensation.md" 
http://gravelocator.cem.va.gov/,https://gravelocator.cem.va.gov/,1,1,"../vets-website/content/pages/burials-and-memorials/find-a-cemetery.md" 
http://inquiry.vba.va.gov/weamspub/buildSearchInstitutionCriteria.do;jsessionid=qtMbSxQFpzyL7GpnQrtnNGv6G9CGQQvb2YqM9Cvw3vB2pv2lXhfJ!-1531379871,https://inquiry.vba.va.gov/weamspub/buildSearchInstitutionCriteria.do;jsessionid=qtMbSxQFpzyL7GpnQrtnNGv6G9CGQQvb2YqM9Cvw3vB2pv2lXhfJ!-1531379871,1,1,"../vets-website/content/pages/education/tools-programs/locate-a-school.md" 
http://inquiry.vba.va.gov/weamspub/buildSearchNE.do,https://inquiry.vba.va.gov/weamspub/buildSearchNE.do,1,1,"../vets-website/content/pages/education/advanced-training-and-certifications/national-testing-program.md" 
http://usa.gov/,https://usa.gov/,244,0,"" 
http://vaforvets.va.gov/,https://vaforvets.va.gov/,13,0,"" 
http://vaforvets.va.gov/hr/RVECS/pages/rvecs-map.asp,https://vaforvets.va.gov/hr/RVECS/pages/rvecs-map.asp,1,1,"../vets-website/content/pages/employment/job-seekers/service-disabled.md" 
http://www.archives.gov/veterans/military-service-records/,https://www.archives.gov/veterans/military-service-records/,1,1,"../vets-website/content/pages/housing-assistance/home-loans/apply-for-certificate-of-eligibility.md" 
http://www.benefits.va.gov/benefits/factsheets/serviceconnected/AO_c123.pdf,https://www.benefits.va.gov/benefits/factsheets/serviceconnected/AO_c123.pdf,1,1,"../vets-website/content/pages/disability-benefits/conditions/exposure-to-hazardous-materials/agent-orange/c-123.md" 
http://www.benefits.va.gov/BENEFITS/factsheets/serviceconnected/MST.pdf,https://www.benefits.va.gov/BENEFITS/factsheets/serviceconnected/MST.pdf,1,1,"../vets-website/content/pages/health-care/health-conditions/military-sexual-trauma.md" 
http://www.benefits.va.gov/benefits/mstcoordinators.asp,https://www.benefits.va.gov/benefits/mstcoordinators.asp,1,1,"../vets-website/content/pages/health-care/health-conditions/military-sexual-trauma.md" 
http://www.benefits.va.gov/benefits/offices.asp,https://www.benefits.va.gov/benefits/offices.asp,5,4,"../vets-website/content/pages/burials-and-memorials/honor/flags-and-memorial-certificates.md|../vets-website/content/pages/disability-benefits/after-you-apply/what-happens-after-rating.md|../vets-website/content/pages/disability-benefits/apply/help.md|../vets-website/content/pages/disability-benefits/apply.md" 
http://www.benefits.va.gov/compensation/dbq_ListBySymptom.asp,https://www.benefits.va.gov/compensation/dbq_ListBySymptom.asp,2,2,"../vets-website/content/pages/disability-benefits/conditions.md|../vets-website/content/pages/disability-benefits/eligibility.md" 
http://www.benefits.va.gov/compensation/docs/AO_C123_AFSpecialityCodesUnits.pdf,https://www.benefits.va.gov/compensation/docs/AO_C123_AFSpecialityCodesUnits.pdf,2,2,"../vets-website/content/pages/disability-benefits/conditions/exposure-to-hazardous-materials/agent-orange/c-123.md" 
http://www.benefits.va.gov/COMPENSATION/special_Benefit_Allowances_2012.asp,https://www.benefits.va.gov/COMPENSATION/special_Benefit_Allowances_2012.asp,1,0,"" 
http://www.benefits.va.gov/COMPENSATION/types-dependency_and_indemnity.asp,https://www.benefits.va.gov/COMPENSATION/types-dependency_and_indemnity.asp,2,2,"../vets-website/content/pages/education/gi-bill/survivors-dependent-assistance/dependents-education.md|../vets-website/content/pages/education/gi-bill/survivors-dependent-assistance/fry-scholarship.md" 
http://www.benefits.va.gov/gibill/choosing_a_school.asp,https://www.benefits.va.gov/gibill/choosing_a_school.asp,2,1,"../vets-website/src/js/gi/components/content/AdditionalResources.jsx" 
http://www.benefits.va.gov/gibill/comparison_tool/about_this_tool.asp,https://www.benefits.va.gov/gibill/comparison_tool/about_this_tool.asp,2,11,"../vets-website/src/js/gi/components/content/AboutThisTool.jsx|../vets-website/src/js/gi/components/profile/CautionaryInformation.jsx|../vets-website/src/js/gi/containers/Modals.jsx" 
http://www.benefits.va.gov/gibill/docs/factsheets/OJT_Factsheet.pdf,https://www.benefits.va.gov/gibill/docs/factsheets/OJT_Factsheet.pdf,1,1,"../vets-website/content/pages/education/work-learn/job-and-apprenticeship.md" 
http://www.benefits.va.gov/GIBILL/docs/factsheets/topup.pdf,https://www.benefits.va.gov/GIBILL/docs/factsheets/topup.pdf,1,1,"../vets-website/content/pages/education/gi-bill/tuition-assistance.md" 
http://www.benefits.va.gov/gibill/docs/factsheets/Transferability_Factsheet.pdf,https://www.benefits.va.gov/gibill/docs/factsheets/Transferability_Factsheet.pdf,1,1,"../vets-website/content/pages/education/gi-bill/transfer.md" 
http://www.benefits.va.gov/gibill/docs/job_aids/CareerScope_Report_Interpretation.pdf,https://www.benefits.va.gov/gibill/docs/job_aids/CareerScope_Report_Interpretation.pdf,1,1,"../vets-website/content/pages/education/tools-programs/careerscope.md" 
http://www.benefits.va.gov/GIBILL/docs/job_aids/ComparisonToolData.xlsx,https://www.benefits.va.gov/GIBILL/docs/job_aids/ComparisonToolData.xlsx,2,1,"../vets-website/src/js/gi/components/content/AboutThisTool.jsx" 
http://www.benefits.va.gov/gibill/docs/pamphlets/ch30_pamphlet.pdf,https://www.benefits.va.gov/gibill/docs/pamphlets/ch30_pamphlet.pdf,1,1,"../vets-website/content/pages/education/gi-bill/montgomery-active-duty.md" 
http://www.benefits.va.gov/gibill/docs/pamphlets/ch32_pamphlet.pdf,https://www.benefits.va.gov/gibill/docs/pamphlets/ch32_pamphlet.pdf,1,1,"../vets-website/content/pages/education/other-educational-assistance-programs/veap.md" 
http://www.benefits.va.gov/gibill/docs/pamphlets/ch33_pamphlet.pdf,https://www.benefits.va.gov/gibill/docs/pamphlets/ch33_pamphlet.pdf,1,1,"../vets-website/content/pages/education/gi-bill/post-9-11.md" 
http://www.benefits.va.gov/gibill/docs/pamphlets/ch35_pamphlet_2.pdf,https://www.benefits.va.gov/gibill/docs/pamphlets/ch35_pamphlet_2.pdf,1,1,"../vets-website/content/pages/education/gi-bill/survivors-dependent-assistance/dependents-education.md" 
http://www.benefits.va.gov/gibill/docs/pamphlets/summary-of-national-call-to-service-program.pdf,https://www.benefits.va.gov/gibill/docs/pamphlets/summary-of-national-call-to-service-program.pdf,1,1,"../vets-website/content/pages/education/other-educational-assistance-programs/call-to-service.md" 
http://www.benefits.va.gov/gibill/ext_redirect.asp?url=https://gibill.custhelp.com/app/ask/,https://www.benefits.va.gov/gibill/ext_redirect.asp?url=https://gibill.custhelp.com/app/ask/,1,1,"../vets-website/content/pages/education/gi-bill/foreign-programs.md" 
http://www.benefits.va.gov/gibill/reap.asp,https://www.benefits.va.gov/gibill/reap.asp,1,3,"../vets-website/content/pages/education/other-educational-assistance-programs/reap.md|../vets-website/src/js/gi/containers/Modals.jsx" 
http://www.benefits.va.gov/gibill/regional_processing.asp,https://www.benefits.va.gov/gibill/regional_processing.asp,3,4,"../vets-website/content/pages/education/advanced-training-and-certifications/licensing-certification.md|../vets-website/content/pages/education/apply-for-education-benefits/regional-office.md|../vets-website/content/pages/education/apply.md|../vets-website/content/pages/education/work-learn/workstudy.md" 
http://www.benefits.va.gov/gibill/resources/benefits_resources/rate_tables.asp,https://www.benefits.va.gov/gibill/resources/benefits_resources/rate_tables.asp,9,10,"../vets-website/content/pages/education/advanced-training-and-certifications/flight-training.md|../vets-website/content/pages/education/gi-bill/montgomery-selected-reserve.md|../vets-website/content/pages/education/gi-bill/tuition-assistance.md|../vets-website/content/pages/education/work-learn/co-op-training.md|../vets-website/content/pages/education/work-learn/job-and-apprenticeship.md|../vets-website/content/pages/education/work-learn/non-college-degree-program.md|../vets-website/content/pages/education/work-learn/non-traditional/correspondence-training.md|../vets-website/content/pages/education/work-learn/non-traditional/independent-distance-learning.md|../vets-website/src/js/gi/containers/Modals.jsx" 
http://www.benefits.va.gov/gibill/resources/benefits_resources/rates/600_buyup.asp,https://www.benefits.va.gov/gibill/resources/benefits_resources/rates/600_buyup.asp,1,1,"../vets-website/content/pages/education/gi-bill/buy-up-program.md" 
http://www.benefits.va.gov/GIBILL/resources/benefits_resources/rates/ch35/ch35rates100115.asp,https://www.benefits.va.gov/GIBILL/resources/benefits_resources/rates/ch35/ch35rates100115.asp,1,1,"../vets-website/content/pages/education/gi-bill/survivors-dependent-assistance/dependents-education.md" 
http://www.benefits.va.gov/GIBILL/Trademark_Terms_of_Use.asp,https://www.benefits.va.gov/GIBILL/Trademark_Terms_of_Use.asp,2,2,"../vets-website/content/pages/education/gi-bill/montgomery-active-duty.md|../vets-website/content/pages/education/gi-bill/post-9-11.md" 
http://www.benefits.va.gov/GIBILL/yellow_ribbon/yrp_list_2015.asp,https://www.benefits.va.gov/GIBILL/yellow_ribbon/yrp_list_2015.asp,1,1,"../vets-website/content/pages/education/gi-bill/yellow-ribbon.md" 
http://www.benefits.va.gov/homeloans/,https://www.benefits.va.gov/homeloans/,1,1,"../vets-website/content/pages/housing-assistance/home-loans/loan-options/purchase-loan.md" 
http://www.benefits.va.gov/homeloans/adaptedhousing.asp,https://www.benefits.va.gov/homeloans/adaptedhousing.asp,4,4,"../vets-website/content/pages/life-insurance/options-and-eligibility/s-dvi.md|../vets-website/content/pages/life-insurance/options-and-eligibility/sgli.md|../vets-website/content/pages/life-insurance/options-and-eligibility/vgli.md|../vets-website/content/pages/life-insurance/options-and-eligibility/vmli.md" 
http://www.benefits.va.gov/HOMELOANS/contact_rlc_info.asp,https://www.benefits.va.gov/HOMELOANS/contact_rlc_info.asp,1,1,"../vets-website/content/pages/housing-assistance/adaptive-housing-grants.md" 
http://www.benefits.va.gov/homeloans/contact_rlc_info.asp,https://www.benefits.va.gov/homeloans/contact_rlc_info.asp,2,2,"../vets-website/content/pages/housing-assistance/home-loans/eligibility.md|../vets-website/content/pages/housing-assistance/home-loans/loan-options/nadl.md" 
http://www.benefits.va.gov/homeloans/nadl_mou.asp,https://www.benefits.va.gov/homeloans/nadl_mou.asp,1,1,"../vets-website/content/pages/housing-assistance/home-loans/loan-options/nadl.md" 
http://www.benefits.va.gov/HOMELOANS/purchaseco_loan_limits.asp,https://www.benefits.va.gov/HOMELOANS/purchaseco_loan_limits.asp,4,4,"../vets-website/content/pages/housing-assistance/home-loans/loan-options/irrrl.md|../vets-website/content/pages/housing-assistance/home-loans/loan-options/cash-out-refinance.md|../vets-website/content/pages/housing-assistance/home-loans/loan-options/nadl.md|../vets-website/content/pages/housing-assistance/home-loans/loan-options/purchase-loan.md" 
http://www.benefits.va.gov/insurance/dividends_options.asp,https://www.benefits.va.gov/insurance/dividends_options.asp,1,1,"../vets-website/content/pages/life-insurance/options-and-eligibility.md" 
http://www.benefits.va.gov/insurance/dividends_special.asp,https://www.benefits.va.gov/insurance/dividends_special.asp,1,1,"../vets-website/content/pages/life-insurance/options-and-eligibility.md" 
http://www.benefits.va.gov/INSURANCE/forms/29-8636_08-2011.pdf,https://www.benefits.va.gov/INSURANCE/forms/29-8636_08-2011.pdf,1,1,"../vets-website/content/pages/life-insurance/options-and-eligibility/vmli.md" 
http://www.benefits.va.gov/INSURANCE/forms/ParticList.htm,https://www.benefits.va.gov/INSURANCE/forms/ParticList.htm,1,1,"../vets-website/content/pages/life-insurance/options-and-eligibility/fsgli.md" 
http://www.benefits.va.gov/INSURANCE/forms/SGL133_ed2015-06.pdf,https://www.benefits.va.gov/INSURANCE/forms/SGL133_ed2015-06.pdf,1,1,"../vets-website/content/pages/life-insurance/options-and-eligibility/sgli.md" 
http://www.benefits.va.gov/INSURANCE/forms/SGL133_ed2016-06.pdf,https://www.benefits.va.gov/INSURANCE/forms/SGL133_ed2016-06.pdf,1,1,"../vets-website/content/pages/life-insurance/options-and-eligibility/vgli.md" 
http://www.benefits.va.gov/INSURANCE/forms/SGLV_8286_ed2017-04.pdf,https://www.benefits.va.gov/INSURANCE/forms/SGLV_8286_ed2017-04.pdf,1,0,"" 
http://www.benefits.va.gov/INSURANCE/forms/SGLV_8286A_ed2014-06.PDF,https://www.benefits.va.gov/INSURANCE/forms/SGLV_8286A_ed2014-06.PDF,1,0,"" 
http://www.benefits.va.gov/INSURANCE/forms/SGLV_8286A_ed2017-04.PDF,https://www.benefits.va.gov/INSURANCE/forms/SGLV_8286A_ed2017-04.PDF,1,0,"" 
http://www.benefits.va.gov/INSURANCE/forms/SGLV_8600_ed2017-01.pdf,https://www.benefits.va.gov/INSURANCE/forms/SGLV_8600_ed2017-01.pdf,1,1,"../vets-website/content/pages/life-insurance/options-and-eligibility/tsgli.md" 
http://www.benefits.va.gov/INSURANCE/forms/SGLV_8714_ed2014-07.pdf,https://www.benefits.va.gov/INSURANCE/forms/SGLV_8714_ed2014-07.pdf,1,1,"../vets-website/content/pages/life-insurance/options-and-eligibility/vgli.md" 
http://www.benefits.va.gov/INSURANCE/forms/SGLV_8715.pdf,https://www.benefits.va.gov/INSURANCE/forms/SGLV_8715.pdf,1,0,"" 
http://www.benefits.va.gov/INSURANCE/ins_publications.asp,https://www.benefits.va.gov/INSURANCE/ins_publications.asp,7,7,"../vets-website/content/pages/life-insurance/disabled-and-terminally-ill.md|../vets-website/content/pages/life-insurance/options-and-eligibility/fsgli.md|../vets-website/content/pages/life-insurance/options-and-eligibility/s-dvi.md|../vets-website/content/pages/life-insurance/options-and-eligibility/sgli.md|../vets-website/content/pages/life-insurance/options-and-eligibility/tsgli.md|../vets-website/content/pages/life-insurance/options-and-eligibility/vgli.md|../vets-website/content/pages/life-insurance/options-and-eligibility/vmli.md" 
http://www.benefits.va.gov/INSURANCE/popups/opa.htm,https://www.benefits.va.gov/INSURANCE/popups/opa.htm,1,1,"../vets-website/content/pages/life-insurance/manage-your-policy.md" 
http://www.benefits.va.gov/insurance/s-dvi.asp,https://www.benefits.va.gov/insurance/s-dvi.asp,1,1,"../vets-website/content/pages/disability-benefits/after-you-apply/what-happens-after-rating.md" 
http://www.benefits.va.gov/INSURANCE/SOES.asp,https://www.benefits.va.gov/INSURANCE/SOES.asp,2,2,"../vets-website/content/pages/life-insurance/options-and-eligibility/fsgli.md|../vets-website/content/pages/life-insurance/options-and-eligibility/sgli.md" 
http://www.benefits.va.gov/insurance/tsgli_schedule_Schedule.asp,https://www.benefits.va.gov/insurance/tsgli_schedule_Schedule.asp,1,1,"../vets-website/content/pages/life-insurance/options-and-eligibility/tsgli.md" 
http://www.benefits.va.gov/insurance/tsgli-claim-questionnaire.asp,https://www.benefits.va.gov/insurance/tsgli-claim-questionnaire.asp,1,1,"../vets-website/content/pages/life-insurance/options-and-eligibility/tsgli.md" 
http://www.benefits.va.gov/INSURANCE/vgli_rates_old.asp,https://www.benefits.va.gov/INSURANCE/vgli_rates_old.asp,1,1,"../vets-website/content/pages/life-insurance/options-and-eligibility/vgli.md" 
http://www.benefits.va.gov/milwaukee/,https://www.benefits.va.gov/milwaukee/,1,1,"../vets-website/content/pages/pension/pension-management-center.md" 
http://www.benefits.va.gov/pension/current_rates_survivor_pen.asp,https://www.benefits.va.gov/pension/current_rates_survivor_pen.asp,1,1,"../vets-website/content/pages/pension/survivors-pension/rates.md" 
http://www.benefits.va.gov/pension/current_rates_veteran_pen.asp,https://www.benefits.va.gov/pension/current_rates_veteran_pen.asp,1,1,"../vets-website/content/pages/pension/rates.md" 
http://www.benefits.va.gov/PENSION/resources-contact.asp,https://www.benefits.va.gov/PENSION/resources-contact.asp,2,2,"../vets-website/content/pages/burials-and-memorials/survivor-and-dependent-benefits/compensation.md" 
http://www.benefits.va.gov/philadelphia/,https://www.benefits.va.gov/philadelphia/,1,1,"../vets-website/content/pages/pension/pension-management-center.md" 
http://www.benefits.va.gov/stpaul/,https://www.benefits.va.gov/stpaul/,1,1,"../vets-website/content/pages/pension/pension-management-center.md" 
http://www.benefits.va.gov/TEEI/economic-liaison-list.asp,https://www.benefits.va.gov/TEEI/economic-liaison-list.asp,1,0,"" 
http://www.benefits.va.gov/vocrehab/,https://www.benefits.va.gov/vocrehab/,1,0,"" 
http://www.benefits.va.gov/VOCREHAB/docs/EmploymentCoordinators.xls,https://www.benefits.va.gov/VOCREHAB/docs/EmploymentCoordinators.xls,2,2,"../vets-website/content/pages/employment/employers/support-veteran-employees.md" 
http://www.benefits.va.gov/vocrehab/edu_voc_counseling.asp,https://www.benefits.va.gov/vocrehab/edu_voc_counseling.asp,1,0,"" 
http://www.benefits.va.gov/vocrehab/index.asp,https://www.benefits.va.gov/vocrehab/index.asp,4,4,"../vets-website/content/pages/education/work-learn/workstudy.md|../vets-website/content/pages/employment/employers/support-veteran-employees.md|../vets-website/content/pages/employment/job-seekers/service-disabled.md|../vets-website/content/pages/employment/job-seekers.md" 
http://www.benefits.va.gov/VOW/docs/seiflyerfinal.pdf,https://www.benefits.va.gov/VOW/docs/seiflyerfinal.pdf,1,1,"../vets-website/content/pages/employment/job-seekers/service-disabled.md" 
http://www.benefits.va.gov/warms/docs/regs/38CFR/BOOKB/PART3/S3_309.doc,https://www.benefits.va.gov/warms/docs/regs/38CFR/BOOKB/PART3/S3_309.doc,2,2,"../vets-website/content/pages/disability-benefits/apply/one-year.md" 
http://www.bva.va.gov/docs/Pamphlets/How-Do-I-Appeal-Booklet--508Compliance.pdf,https://www.bva.va.gov/docs/Pamphlets/How-Do-I-Appeal-Booklet--508Compliance.pdf,1,1,"../vets-website/content/pages/health-care/after-you-apply.md" 
http://www.caregiver.va.gov/,https://www.caregiver.va.gov/,1,1,"../vets-website/content/pages/health-care/about-va-health-care.md" 
http://www.cem.va.gov/cem/cems/listcem.asp,https://www.cem.va.gov/cem/cems/listcem.asp,1,1,"../vets-website/content/pages/burials-and-memorials/eligibility.md" 
http://www.cem.va.gov/CEM/hmm/discharge_documents.asp,https://www.cem.va.gov/CEM/hmm/discharge_documents.asp,1,1,"../vets-website/content/pages/burials-and-memorials/burial-planning.md" 
http://www.ebenefits.va.gov/,https://www.ebenefits.va.gov/,1,0,"" 
http://www.mentalhealth.va.gov/gethelp.asp,https://www.mentalhealth.va.gov/gethelp.asp,1,1,"../vets-website/content/pages/health-care/health-conditions/mental-health.md" 
http://www.mentalhealth.va.gov/PTSD.asp,https://www.mentalhealth.va.gov/PTSD.asp,1,1,"../vets-website/content/pages/disability-benefits/conditions/ptsd.md" 
http://www.mentalhealth.va.gov/ptsd/cbt-ptsd.asp,https://www.mentalhealth.va.gov/ptsd/cbt-ptsd.asp,1,1,"../vets-website/content/pages/health-care/health-conditions/mental-health/ptsd.md" 
http://www.mentalhealth.va.gov/Resources.asp,https://www.mentalhealth.va.gov/Resources.asp,1,1,"../vets-website/content/pages/health-care/health-conditions/mental-health.md" 
http://www.mentalhealth.va.gov/returningservicevets.asp,https://www.mentalhealth.va.gov/returningservicevets.asp,1,1,"../vets-website/content/pages/health-care/health-conditions/mental-health.md" 
http://www.mentalhealth.va.gov/self_help.asp,https://www.mentalhealth.va.gov/self_help.asp,1,1,"../vets-website/content/pages/health-care/health-conditions/mental-health/ptsd.md" 
http://www.oprm.va.gov/ers/,https://www.oprm.va.gov/ers/,1,1,"../vets-website/content/pages/privacy.md" 
http://www.ptsd.va.gov/apps/AboutFace/,https://www.ptsd.va.gov/apps/AboutFace/,1,1,"../vets-website/content/pages/health-care/health-conditions/mental-health/ptsd.md" 
http://www.ptsd.va.gov/public/index.asp,https://www.ptsd.va.gov/public/index.asp,2,2,"../vets-website/content/pages/disability-benefits/conditions/ptsd.md|../vets-website/content/pages/health-care/health-conditions/mental-health/ptsd.md" 
http://www.publichealth.va.gov/exposures/agentorange/benefits/index.asp,https://www.publichealth.va.gov/exposures/agentorange/benefits/index.asp,2,2,"../vets-website/content/pages/disability-benefits/conditions/exposure-to-hazardous-materials/agent-orange/service-outside.md|../vets-website/content/pages/disability-benefits/conditions/exposure-to-hazardous-materials/agent-orange/thailand-military-bases.md" 
http://www.publichealth.va.gov/exposures/agentorange/benefits/registry-exam.asp,https://www.publichealth.va.gov/exposures/agentorange/benefits/registry-exam.asp,2,2,"../vets-website/content/pages/disability-benefits/conditions/exposure-to-hazardous-materials/agent-orange/non-hodgkins.md|../vets-website/content/pages/disability-benefits/conditions/exposure-to-hazardous-materials/agent-orange/registry-health-exam.md" 
http://www.publichealth.va.gov/exposures/agentorange/birth-defects/spina-bifida.asp,https://www.publichealth.va.gov/exposures/agentorange/birth-defects/spina-bifida.asp,1,1,"../vets-website/content/pages/disability-benefits/conditions/exposure-to-hazardous-materials/birth-defects.md" 
http://www.publichealth.va.gov/exposures/agentorange/conditions/al_amyloidosis.asp,https://www.publichealth.va.gov/exposures/agentorange/conditions/al_amyloidosis.asp,1,1,"../vets-website/content/pages/disability-benefits/conditions/exposure-to-hazardous-materials/agent-orange/diseases.md" 
http://www.publichealth.va.gov/exposures/agentorange/conditions/bcell-leukemia.asp,https://www.publichealth.va.gov/exposures/agentorange/conditions/bcell-leukemia.asp,1,1,"../vets-website/content/pages/disability-benefits/conditions/exposure-to-hazardous-materials/agent-orange/diseases.md" 
http://www.publichealth.va.gov/exposures/agentorange/conditions/chloracne.asp,https://www.publichealth.va.gov/exposures/agentorange/conditions/chloracne.asp,1,1,"../vets-website/content/pages/disability-benefits/conditions/exposure-to-hazardous-materials/agent-orange/diseases.md" 
http://www.publichealth.va.gov/exposures/agentorange/conditions/diabetes.asp,https://www.publichealth.va.gov/exposures/agentorange/conditions/diabetes.asp,1,1,"../vets-website/content/pages/disability-benefits/conditions/exposure-to-hazardous-materials/agent-orange/diseases.md" 
http://www.publichealth.va.gov/exposures/agentorange/conditions/hodgkins.asp,https://www.publichealth.va.gov/exposures/agentorange/conditions/hodgkins.asp,1,1,"../vets-website/content/pages/disability-benefits/conditions/exposure-to-hazardous-materials/agent-orange/diseases.md" 
http://www.publichealth.va.gov/exposures/agentorange/conditions/ischemicheartdisease.asp,https://www.publichealth.va.gov/exposures/agentorange/conditions/ischemicheartdisease.asp,1,1,"../vets-website/content/pages/disability-benefits/conditions/exposure-to-hazardous-materials/agent-orange/diseases.md" 
http://www.publichealth.va.gov/exposures/agentorange/conditions/multiple_myeloma.asp,https://www.publichealth.va.gov/exposures/agentorange/conditions/multiple_myeloma.asp,1,1,"../vets-website/content/pages/disability-benefits/conditions/exposure-to-hazardous-materials/agent-orange/diseases.md" 
http://www.publichealth.va.gov/exposures/agentorange/conditions/nonhodgkinslymphoma.asp,https://www.publichealth.va.gov/exposures/agentorange/conditions/nonhodgkinslymphoma.asp,1,1,"../vets-website/content/pages/disability-benefits/conditions/exposure-to-hazardous-materials/agent-orange/diseases.md" 
http://www.publichealth.va.gov/exposures/agentorange/conditions/parkinsonsdisease.asp,https://www.publichealth.va.gov/exposures/agentorange/conditions/parkinsonsdisease.asp,1,1,"../vets-website/content/pages/disability-benefits/conditions/exposure-to-hazardous-materials/agent-orange/diseases.md" 
http://www.publichealth.va.gov/exposures/agentorange/conditions/peripheral_neuropathy.asp,https://www.publichealth.va.gov/exposures/agentorange/conditions/peripheral_neuropathy.asp,1,1,"../vets-website/content/pages/disability-benefits/conditions/exposure-to-hazardous-materials/agent-orange/diseases.md" 
http://www.publichealth.va.gov/exposures/agentorange/conditions/porphyria-cutanea-tarda.asp,https://www.publichealth.va.gov/exposures/agentorange/conditions/porphyria-cutanea-tarda.asp,1,1,"../vets-website/content/pages/disability-benefits/conditions/exposure-to-hazardous-materials/agent-orange/diseases.md" 
http://www.publichealth.va.gov/exposures/agentorange/conditions/prostate_cancer.asp,https://www.publichealth.va.gov/exposures/agentorange/conditions/prostate_cancer.asp,1,1,"../vets-website/content/pages/disability-benefits/conditions/exposure-to-hazardous-materials/agent-orange/diseases.md" 
http://www.publichealth.va.gov/exposures/agentorange/conditions/respiratory_cancers.asp,https://www.publichealth.va.gov/exposures/agentorange/conditions/respiratory_cancers.asp,1,1,"../vets-website/content/pages/disability-benefits/conditions/exposure-to-hazardous-materials/agent-orange/diseases.md" 
http://www.publichealth.va.gov/exposures/agentorange/conditions/soft-tissue-sarcoma.asp,https://www.publichealth.va.gov/exposures/agentorange/conditions/soft-tissue-sarcoma.asp,1,1,"../vets-website/content/pages/disability-benefits/conditions/exposure-to-hazardous-materials/agent-orange/diseases.md" 
http://www.publichealth.va.gov/exposures/agentorange/locations/tests-storage/index.asp,https://www.publichealth.va.gov/exposures/agentorange/locations/tests-storage/index.asp,1,1,"../vets-website/content/pages/disability-benefits/conditions/exposure-to-hazardous-materials/agent-orange/registry-health-exam.md" 
http://www.publichealth.va.gov/exposures/agentorange/locations/tests-storage/outside-vietnam.asp,https://www.publichealth.va.gov/exposures/agentorange/locations/tests-storage/outside-vietnam.asp,2,2,"../vets-website/content/pages/disability-benefits/conditions/exposure-to-hazardous-materials/agent-orange/test-storage.md" 
http://www.publichealth.va.gov/exposures/agentorange/locations/tests-storage/usa.asp,https://www.publichealth.va.gov/exposures/agentorange/locations/tests-storage/usa.asp,2,2,"../vets-website/content/pages/disability-benefits/conditions/exposure-to-hazardous-materials/agent-orange/test-storage.md" 
http://www.publichealth.va.gov/exposures/agentorange/shiplist/index.asp,https://www.publichealth.va.gov/exposures/agentorange/shiplist/index.asp,2,2,"../vets-website/content/pages/disability-benefits/conditions/exposure-to-hazardous-materials/agent-orange/registry-health-exam.md|../vets-website/content/pages/disability-benefits/conditions/exposure-to-hazardous-materials/agent-orange/water-vietnam.md" 
http://www.publichealth.va.gov/exposures/agentorange/shiplist/list.asp,https://www.publichealth.va.gov/exposures/agentorange/shiplist/list.asp,1,2,"../vets-website/content/pages/disability-benefits/conditions/exposure-to-hazardous-materials/agent-orange/navy-coast-guard.md|../vets-website/content/pages/disability-benefits/conditions/exposure-to-hazardous-materials/agent-orange/service-inside.md" 
http://www.publichealth.va.gov/exposures/asbestos/index.asp,https://www.publichealth.va.gov/exposures/asbestos/index.asp,1,1,"../vets-website/content/pages/disability-benefits/conditions/exposure-to-hazardous-materials/asbestos.md" 
http://www.publichealth.va.gov/exposures/coordinators.asp,https://www.publichealth.va.gov/exposures/coordinators.asp,2,8,"../vets-website/content/pages/disability-benefits/conditions/exposure-to-hazardous-materials/agent-orange/registry-health-exam.md|../vets-website/content/pages/health-care/health-conditions/conditions-related-to-service-era/gulf-war.md|../vets-website/content/pages/health-care/health-conditions/conditions-related-to-service-era/iraq-war.md|../vets-website/content/pages/health-care/health-conditions/conditions-related-to-service-era/korean-war.md|../vets-website/content/pages/health-care/health-conditions/conditions-related-to-service-era/operation-enduring-freedom.md|../vets-website/content/pages/health-care/health-conditions/conditions-related-to-service-era/vietnam-war.md|../vets-website/content/pages/health-care/health-conditions/conditions-related-to-service-era/world-war-ii.md" 
http://www.publichealth.va.gov/exposures/gulfwar/military-service.asp,https://www.publichealth.va.gov/exposures/gulfwar/military-service.asp,1,1,"../vets-website/content/pages/disability-benefits/conditions/exposure-to-hazardous-materials/gulf-war-illness.md" 
http://www.section508.va.gov/,https://www.section508.va.gov/,244,1,"../vets-website/content/includes/footer.html" 
http://www.taps.org/,https://www.taps.org/,1,1,"../vets-website/content/pages/employment/job-seekers/family-members.md" 
http://www.usajobs.gov/,https://www.usajobs.gov/,1,0,"" 
http://www.va.gov/,https://www.va.gov/,466,0,"" 
http://www.va.gov/health/cwt/,https://www.va.gov/health/cwt/,2,0,"" 
http://www.va.gov/healthbenefits/resources/publications/IB10-442_dental_benefits_for_veterans_2_14.pdf,https://www.va.gov/healthbenefits/resources/publications/IB10-442_dental_benefits_for_veterans_2_14.pdf,1,1,"../vets-website/content/pages/disability-benefits/conditions/special-claims/dentistry.md" 
http://www.va.gov/HOMELESS/HVCES.asp,https://www.va.gov/HOMELESS/HVCES.asp,1,0,"" 
http://www.va.gov/ogc/accreditation.asp,https://www.va.gov/ogc/accreditation.asp,2,1,"../vets-website/content/pages/disability-benefits/apply/help.md" 
http://www.va.gov/ogc/apps/accreditation/index.asp,https://www.va.gov/ogc/apps/accreditation/index.asp,224,3,"../vets-website/content/includes/footer.html|../vets-website/content/pages/disability-benefits/conditions/exposure-to-hazardous-materials/contaminated-drinking-water-at-camp-lejeune.md|../vets-website/src/js/gi/containers/GiBillApp.jsx" 
http://www.va.gov/OGC/docs/Accred/HowtoChallengeaFee.pdf,https://www.va.gov/OGC/docs/Accred/HowtoChallengeaFee.pdf,2,1,"../vets-website/content/pages/disability-benefits/apply/help.md" 
http://www.va.gov/oig/,https://www.va.gov/oig/,244,1,"../vets-website/content/includes/footer.html" 
http://www.va.gov/osdbu/,https://www.va.gov/osdbu/,1,0,"" 
http://www.va.gov/osdbu/about/contacts.asp,https://www.va.gov/osdbu/about/contacts.asp,1,1,"../vets-website/content/pages/education/advanced-training-and-certifications/entrepreneurship-training.md" 
http://www.va.gov/osdbu/library/events.asp,https://www.va.gov/osdbu/library/events.asp,1,1,"../vets-website/content/pages/education/advanced-training-and-certifications/entrepreneurship-training.md" 
http://www.va.gov/osdbu/verification/assistance/counselors.asp,https://www.va.gov/osdbu/verification/assistance/counselors.asp,1,1,"../vets-website/content/pages/employment/job-seekers/register-your-business/register.md" 
http://www.va.gov/privacy/,https://www.va.gov/privacy/,18,0,"" 
http://www.va.gov/statedva.htm,https://www.va.gov/statedva.htm,1,1,"../vets-website/content/pages/disability-benefits/after-you-apply/what-happens-after-rating.md" 
http://www.va.gov/vaforms/form_detail.asp?FormNo=22-5490,https://www.va.gov/vaforms/form_detail.asp?FormNo=22-5490,1,1,"../vets-website/content/pages/education/gi-bill/survivors-dependent-assistance/fry-scholarship.md" 
http://www.va.gov/vaforms/medical/pdf/1010EZ-fillable.pdf,https://www.va.gov/vaforms/medical/pdf/1010EZ-fillable.pdf,2,2,"../vets-website/content/pages/health-care/apply.md" 
http://www.va.gov/vaforms/medical/pdf/10-1394-fill.pdf,https://www.va.gov/vaforms/medical/pdf/10-1394-fill.pdf,1,1,"../vets-website/content/pages/disability-benefits/conditions/special-claims/automobile.md" 
http://www.va.gov/vaforms/medical/pdf/10-8678-fill.pdf,https://www.va.gov/vaforms/medical/pdf/10-8678-fill.pdf,1,1,"../vets-website/content/pages/disability-benefits/conditions/special-claims/clothing.md" 
http://www.va.gov/vaforms/va/pdf/VA40-0247.pdf,https://www.va.gov/vaforms/va/pdf/VA40-0247.pdf,1,1,"../vets-website/content/pages/burials-and-memorials/honor/flags-and-memorial-certificates.md" 
http://www.va.gov/vaforms/va/pdf/VA40-1330.pdf,https://www.va.gov/vaforms/va/pdf/VA40-1330.pdf,1,1,"../vets-website/content/pages/burials-and-memorials/honor/headstones-markers-medallions.md" 
http://www.va.gov/vaforms/va/pdf/VA40-1330M.pdf,https://www.va.gov/vaforms/va/pdf/VA40-1330M.pdf,1,1,"../vets-website/content/pages/burials-and-memorials/honor/headstones-markers-medallions.md" 
http://www.va.gov/VETSINWORKPLACE/training/EAP/default.htm,https://www.va.gov/VETSINWORKPLACE/training/EAP/default.htm,1,1,"../vets-website/content/pages/employment/employers/support-veteran-employees.md" 
http://www.va.gov/vso/,https://www.va.gov/vso/,1,1,"../vets-website/content/pages/education/gi-bill.md" 
http://www.vba.va.gov/pubs/forms/VBA-21-0779-ARE.pdf,https://www.vba.va.gov/pubs/forms/VBA-21-0779-ARE.pdf,1,0,"" 
http://www.vba.va.gov/pubs/forms/VBA-21-22-ARE.pdf,https://www.vba.va.gov/pubs/forms/VBA-21-22-ARE.pdf,2,1,"../vets-website/content/pages/disability-benefits/apply/help.md" 
http://www.vba.va.gov/pubs/forms/VBA-21-2680-ARE.pdf,https://www.vba.va.gov/pubs/forms/VBA-21-2680-ARE.pdf,1,0,"" 
http://www.vba.va.gov/pubs/forms/VBA-21-4502-ARE.pdf,https://www.vba.va.gov/pubs/forms/VBA-21-4502-ARE.pdf,1,1,"../vets-website/content/pages/disability-benefits/conditions/special-claims/automobile.md" 
http://www.vba.va.gov/pubs/forms/VBA-21-526EZ-ARE.pdf,https://www.vba.va.gov/pubs/forms/VBA-21-526EZ-ARE.pdf,1,1,"../vets-website/content/pages/disability-benefits/conditions/exposure-to-hazardous-materials/agent-orange/c-123.md" 
http://www.vba.va.gov/pubs/forms/VBA-21-534-ARE.pdf,https://www.vba.va.gov/pubs/forms/VBA-21-534-ARE.pdf,2,2,"../vets-website/content/pages/burials-and-memorials/survivor-and-dependent-benefits/compensation.md|../vets-website/content/pages/housing-assistance/home-loans/apply-for-certificate-of-eligibility.md" 
http://www.vba.va.gov/pubs/forms/VBA-21-535-ARE.pdf,https://www.vba.va.gov/pubs/forms/VBA-21-535-ARE.pdf,1,1,"../vets-website/content/pages/burials-and-memorials/survivor-and-dependent-benefits/compensation.md" 
http://www.vba.va.gov/pubs/forms/VBA-21P-530-ARE.pdf,https://www.vba.va.gov/pubs/forms/VBA-21P-530-ARE.pdf,1,1,"../vets-website/content/pages/burials-and-memorials/survivor-and-dependent-benefits/burial-costs.md" 
http://www.vba.va.gov/pubs/forms/VBA-22-0803-ARE.pdf,https://www.vba.va.gov/pubs/forms/VBA-22-0803-ARE.pdf,1,1,"../vets-website/content/pages/education/advanced-training-and-certifications/licensing-certification.md" 
http://www.vba.va.gov/pubs/forms/VBA-22-1990e-ARE.pdf,https://www.vba.va.gov/pubs/forms/VBA-22-1990e-ARE.pdf,1,1,"../vets-website/content/pages/education/gi-bill/transfer.md" 
http://www.vba.va.gov/pubs/forms/vba-22-1990t-are.pdf,https://www.vba.va.gov/pubs/forms/vba-22-1990t-are.pdf,1,1,"../vets-website/content/pages/education/gi-bill/tutorial-assistance.md" 
http://www.vba.va.gov/pubs/forms/vba-22-5490-are.pdf,https://www.vba.va.gov/pubs/forms/vba-22-5490-are.pdf,1,1,"../vets-website/content/pages/education/gi-bill/survivors-dependent-assistance/dependents-education.md" 
http://www.vba.va.gov/pubs/forms/VBA-22-8691-ARE.pdf,https://www.vba.va.gov/pubs/forms/VBA-22-8691-ARE.pdf,1,1,"../vets-website/content/pages/education/work-learn/workstudy.md" 
http://www.vba.va.gov/pubs/forms/VBA-26-1817-ARE.pdf,https://www.vba.va.gov/pubs/forms/VBA-26-1817-ARE.pdf,1,1,"../vets-website/content/pages/housing-assistance/home-loans/apply-for-certificate-of-eligibility.md" 
http://www.vba.va.gov/pubs/forms/vba-26-1880-are.pdf,https://www.vba.va.gov/pubs/forms/vba-26-1880-are.pdf,1,1,"../vets-website/content/pages/housing-assistance/home-loans/apply-for-certificate-of-eligibility.md" 
http://www.vba.va.gov/pubs/forms/VBA-26-4555-ARE.pdf,https://www.vba.va.gov/pubs/forms/VBA-26-4555-ARE.pdf,1,1,"../vets-website/content/pages/housing-assistance/adaptive-housing-grants.md" 
http://www.vba.va.gov/pubs/forms/VBA-27-2008-ARE.pdf,https://www.vba.va.gov/pubs/forms/VBA-27-2008-ARE.pdf,1,1,"../vets-website/content/pages/burials-and-memorials/honor/flags-and-memorial-certificates.md" 
http://www.vba.va.gov/pubs/forms/VBA-29-357-ARE.pdf,https://www.vba.va.gov/pubs/forms/VBA-29-357-ARE.pdf,1,1,"../vets-website/content/pages/life-insurance/disabled-and-terminally-ill.md" 
http://www.vetcenter.va.gov/,https://www.vetcenter.va.gov/,1,0,"" 
https://www.ebenefits.va.gov/,https://www.ebenefits.va.gov/ebenefits-portal/ebenefits.portal,1,2,"../vets-website/src/js/claims-status/components/FeaturesWarning.jsx|../vets-website/src/js/claims-status/components/NoClaims.jsx" 
http://drivers.jbhunt.com/job-detail?id=4248-11415-2017-02-06,https://drivers.jbhunt.com/job-detail?id=4248-11415-2017-02-06,1,0,"" 
http://drivers.jbhunt.com/job-detail?id=4473-11188-2017-08-18,https://drivers.jbhunt.com/job-detail?id=4473-11188-2017-08-18,1,0,"" 
http://drivers.jbhunt.com/job-detail?id=4473-11407-2017-08-18,https://drivers.jbhunt.com/job-detail?id=4473-11407-2017-08-18,1,0,"" 
http://drivers.jbhunt.com/job-detail?id=4473-14618-2017-08-18,https://drivers.jbhunt.com/job-detail?id=4473-14618-2017-08-18,1,0,"" 
http://drivers.jbhunt.com/job-detail?id=4473-14885-2017-08-18,https://drivers.jbhunt.com/job-detail?id=4473-14885-2017-08-18,1,0,"" 
http://drivers.jbhunt.com/job-detail?id=4473-18338-2017-08-18,https://drivers.jbhunt.com/job-detail?id=4473-18338-2017-08-18,1,0,"" 
http://drivers.jbhunt.com/job-detail?id=4473-18417-2017-08-18,https://drivers.jbhunt.com/job-detail?id=4473-18417-2017-08-18,1,0,"" 
http://drivers.jbhunt.com/job-detail?id=4473-18467-2017-08-18,https://drivers.jbhunt.com/job-detail?id=4473-18467-2017-08-18,1,0,"" 
http://drivers.jbhunt.com/job-detail?id=4473-19076-2017-08-18,https://drivers.jbhunt.com/job-detail?id=4473-19076-2017-08-18,1,0,"" 
http://drivers.jbhunt.com/job-detail?id=4473-28706-2017-08-18,https://drivers.jbhunt.com/job-detail?id=4473-28706-2017-08-18,1,0,"" 
http://drivers.jbhunt.com/job-detail?id=4473-28806-2017-08-18,https://drivers.jbhunt.com/job-detail?id=4473-28806-2017-08-18,1,0,"" 
http://drivers.jbhunt.com/job-detail?id=4625-12613-2017-08-18,https://drivers.jbhunt.com/job-detail?id=4625-12613-2017-08-18,1,0,"" 
http://drivers.jbhunt.com/job-detail?id=4628-12613-2017-08-18,https://drivers.jbhunt.com/job-detail?id=4628-12613-2017-08-18,1,0,"" 
http://drivers.jbhunt.com/job-detail?id=4638-13242-2017-02-06,https://drivers.jbhunt.com/job-detail?id=4638-13242-2017-02-06,1,0,"" 
http://drivers.jbhunt.com/job-detail?id=4642-16792-2017-02-07,https://drivers.jbhunt.com/job-detail?id=4642-16792-2017-02-07,1,0,"" 
http://drivers.jbhunt.com/job-detail?id=4824-27468-2017-02-10,https://drivers.jbhunt.com/job-detail?id=4824-27468-2017-02-10,1,0,"" 
http://drivers.jbhunt.com/job-detail?id=4862-27763-2017-02-06,https://drivers.jbhunt.com/job-detail?id=4862-27763-2017-02-06,1,0,"" 
http://drivers.jbhunt.com/job-detail?id=4884-19848-2017-02-09,https://drivers.jbhunt.com/job-detail?id=4884-19848-2017-02-09,1,0,"" 
http://drivers.jbhunt.com/job-detail?id=4885-23983-2017-02-07,https://drivers.jbhunt.com/job-detail?id=4885-23983-2017-02-07,1,0,"" 
http://drivers.jbhunt.com/job-detail?id=4892-13647-2017-08-18,https://drivers.jbhunt.com/job-detail?id=4892-13647-2017-08-18,1,0,"" 
http://drivers.jbhunt.com/job-detail?id=4894-28889-2017-08-18,https://drivers.jbhunt.com/job-detail?id=4894-28889-2017-08-18,1,0,"" 
http://drivers.jbhunt.com/job-detail?id=4895-28889-2017-08-18,https://drivers.jbhunt.com/job-detail?id=4895-28889-2017-08-18,1,0,"" 
http://drivers.jbhunt.com/job-detail?id=4898-27468-2017-02-06,https://drivers.jbhunt.com/job-detail?id=4898-27468-2017-02-06,1,0,"" 
http://drivers.jbhunt.com/job-detail?id=4903-12620-2017-08-18,https://drivers.jbhunt.com/job-detail?id=4903-12620-2017-08-18,1,0,"" 
http://drivers.jbhunt.com/job-detail?id=4904-12620-2017-08-18,https://drivers.jbhunt.com/job-detail?id=4904-12620-2017-08-18,1,0,"" 
http://drivers.jbhunt.com/job-detail?id=4905-26119-2017-08-17,https://drivers.jbhunt.com/job-detail?id=4905-26119-2017-08-17,1,0,"" 
http://drivers.jbhunt.com/job-detail?id=4905-26575-2017-08-17,https://drivers.jbhunt.com/job-detail?id=4905-26575-2017-08-17,1,0,"" 
http://drivers.jbhunt.com/job-detail?id=4905-26673-2017-08-17,https://drivers.jbhunt.com/job-detail?id=4905-26673-2017-08-17,1,0,"" 
http://drivers.jbhunt.com/job-detail?id=4905-26679-2017-08-17,https://drivers.jbhunt.com/job-detail?id=4905-26679-2017-08-17,1,0,"" 
http://drivers.jbhunt.com/job-detail?id=4905-26748-2017-08-17,https://drivers.jbhunt.com/job-detail?id=4905-26748-2017-08-17,1,0,"" 
http://drivers.jbhunt.com/job-detail?id=4905-26916-2017-08-17,https://drivers.jbhunt.com/job-detail?id=4905-26916-2017-08-17,1,0,"" 
http://drivers.jbhunt.com/job-detail?id=4905-27318-2017-08-17,https://drivers.jbhunt.com/job-detail?id=4905-27318-2017-08-17,1,0,"" 
http://drivers.jbhunt.com/job-detail?id=4905-27339-2017-08-17,https://drivers.jbhunt.com/job-detail?id=4905-27339-2017-08-17,1,0,"" 
http://drivers.jbhunt.com/job-detail?id=4905-27376-2017-08-17,https://drivers.jbhunt.com/job-detail?id=4905-27376-2017-08-17,1,0,"" 
http://drivers.jbhunt.com/job-detail?id=4905-27409-2017-08-17,https://drivers.jbhunt.com/job-detail?id=4905-27409-2017-08-17,1,0,"" 
http://drivers.jbhunt.com/job-detail?id=4905-27423-2017-08-17,https://drivers.jbhunt.com/job-detail?id=4905-27423-2017-08-17,1,0,"" 
http://drivers.jbhunt.com/job-detail?id=4909-19847-2017-08-18,https://drivers.jbhunt.com/job-detail?id=4909-19847-2017-08-18,1,0,"" 
http://drivers.jbhunt.com/job-detail?id=4910-19847-2017-08-18,https://drivers.jbhunt.com/job-detail?id=4910-19847-2017-08-18,1,0,"" 
http://drivers.jbhunt.com/job-detail?id=4913-27763-2017-02-07,https://drivers.jbhunt.com/job-detail?id=4913-27763-2017-02-07,1,0,"" 
http://drivers.jbhunt.com/job-detail?id=4915-16792-2017-02-07,https://drivers.jbhunt.com/job-detail?id=4915-16792-2017-02-07,1,0,"" 
http://drivers.jbhunt.com/job-detail?id=4916-11188-2017-08-18,https://drivers.jbhunt.com/job-detail?id=4916-11188-2017-08-18,1,0,"" 
http://drivers.jbhunt.com/job-detail?id=4916-11415-2017-08-18,https://drivers.jbhunt.com/job-detail?id=4916-11415-2017-08-18,1,0,"" 
http://drivers.jbhunt.com/job-detail?id=4916-14618-2017-08-18,https://drivers.jbhunt.com/job-detail?id=4916-14618-2017-08-18,1,0,"" 
http://drivers.jbhunt.com/job-detail?id=4916-14885-2017-08-18,https://drivers.jbhunt.com/job-detail?id=4916-14885-2017-08-18,1,0,"" 
http://drivers.jbhunt.com/job-detail?id=4916-18338-2017-08-18,https://drivers.jbhunt.com/job-detail?id=4916-18338-2017-08-18,1,0,"" 
http://drivers.jbhunt.com/job-detail?id=4916-18417-2017-08-18,https://drivers.jbhunt.com/job-detail?id=4916-18417-2017-08-18,1,0,"" 
http://drivers.jbhunt.com/job-detail?id=4916-18467-2017-08-18,https://drivers.jbhunt.com/job-detail?id=4916-18467-2017-08-18,1,0,"" 
http://drivers.jbhunt.com/job-detail?id=4916-19076-2017-08-18,https://drivers.jbhunt.com/job-detail?id=4916-19076-2017-08-18,1,0,"" 
http://drivers.jbhunt.com/job-detail?id=4916-28706-2017-08-18,https://drivers.jbhunt.com/job-detail?id=4916-28706-2017-08-18,1,0,"" 
http://drivers.jbhunt.com/job-detail?id=4916-28806-2017-08-18,https://drivers.jbhunt.com/job-detail?id=4916-28806-2017-08-18,1,0,"" 
http://drivers.jbhunt.com/job-detail?id=4916-29084-2017-08-18,https://drivers.jbhunt.com/job-detail?id=4916-29084-2017-08-18,1,0,"" 
http://drivers.jbhunt.com/job-detail?id=4917-11415-2017-08-18,https://drivers.jbhunt.com/job-detail?id=4917-11415-2017-08-18,1,0,"" 
http://drivers.jbhunt.com/job-detail?id=4922-13242-2017-02-07,https://drivers.jbhunt.com/job-detail?id=4922-13242-2017-02-07,1,0,"" 
http://drivers.jbhunt.com/job-detail?id=4934-10460-2017-02-09,https://drivers.jbhunt.com/job-detail?id=4934-10460-2017-02-09,1,0,"" 
http://drivers.jbhunt.com/job-detail?id=4952-28430-2017-08-18,https://drivers.jbhunt.com/job-detail?id=4952-28430-2017-08-18,1,0,"" 
http://drivers.jbhunt.com/job-detail?id=4953-28430-2017-08-18,https://drivers.jbhunt.com/job-detail?id=4953-28430-2017-08-18,1,0,"" 
http://drivers.jbhunt.com/job-detail?id=4957-12621-2017-02-09,https://drivers.jbhunt.com/job-detail?id=4957-12621-2017-02-09,1,0,"" 
http://drivers.jbhunt.com/job-detail?id=4981-20619-2017-08-18,https://drivers.jbhunt.com/job-detail?id=4981-20619-2017-08-18,1,0,"" 
http://drivers.jbhunt.com/job-detail?id=4987-21149-2017-08-17,https://drivers.jbhunt.com/job-detail?id=4987-21149-2017-08-17,1,0,"" 
http://drivers.jbhunt.com/job-detail?id=4988-21149-2017-08-18,https://drivers.jbhunt.com/job-detail?id=4988-21149-2017-08-18,1,0,"" 
http://drivers.jbhunt.com/job-detail?id=4989-228-2017-08-18,https://drivers.jbhunt.com/job-detail?id=4989-228-2017-08-18,3,0,"" 
http://drivers.jbhunt.com/job-detail?id=5040-19488-2017-08-18,https://drivers.jbhunt.com/job-detail?id=5040-19488-2017-08-18,1,0,"" 
http://drivers.jbhunt.com/job-detail?id=5044-28889-2017-08-18,https://drivers.jbhunt.com/job-detail?id=5044-28889-2017-08-18,1,0,"" 
http://drivers.jbhunt.com/job-detail?id=5045-28889-2017-08-18,https://drivers.jbhunt.com/job-detail?id=5045-28889-2017-08-18,1,0,"" 
http://drivers.jbhunt.com/job-detail?id=5075-17121-2017-02-06,https://drivers.jbhunt.com/job-detail?id=5075-17121-2017-02-06,1,0,"" 
http://drivers.jbhunt.com/job-detail?id=5128-2923-2017-02-09,https://drivers.jbhunt.com/job-detail?id=5128-2923-2017-02-09,3,0,"" 
http://drivers.jbhunt.com/job-detail?id=5136-12611-2017-02-06,https://drivers.jbhunt.com/job-detail?id=5136-12611-2017-02-06,1,0,"" 
http://drivers.jbhunt.com/job-detail?id=5137-10460-2017-02-06,https://drivers.jbhunt.com/job-detail?id=5137-10460-2017-02-06,1,0,"" 
http://drivers.jbhunt.com/job-detail?id=5139-2923-2017-08-17,https://drivers.jbhunt.com/job-detail?id=5139-2923-2017-08-17,3,0,"" 
http://drivers.jbhunt.com/job-detail?id=5145-23983-2017-02-06,https://drivers.jbhunt.com/job-detail?id=5145-23983-2017-02-06,1,0,"" 
http://drivers.jbhunt.com/job-detail?id=5217-15350-2017-08-17,https://drivers.jbhunt.com/job-detail?id=5217-15350-2017-08-17,1,0,"" 
http://drivers.jbhunt.com/job-detail?id=5218-15350-2017-04-20,https://drivers.jbhunt.com/job-detail?id=5218-15350-2017-04-20,1,0,"" 
http://drivers.jbhunt.com/job-detail?id=5228-4148-2017-02-09,https://drivers.jbhunt.com/job-detail?id=5228-4148-2017-02-09,3,0,"" 
http://drivers.jbhunt.com/job-detail?id=5229-4148-2016-01-13,https://drivers.jbhunt.com/job-detail?id=5229-4148-2016-01-13,3,0,"" 
http://drivers.jbhunt.com/job-detail?id=5238-13051-2017-08-18,https://drivers.jbhunt.com/job-detail?id=5238-13051-2017-08-18,1,0,"" 
http://drivers.jbhunt.com/job-detail?id=5239-13051-2017-08-18,https://drivers.jbhunt.com/job-detail?id=5239-13051-2017-08-18,1,0,"" 
http://drivers.jbhunt.com/job-detail?id=5264-3567-2017-02-10,https://drivers.jbhunt.com/job-detail?id=5264-3567-2017-02-10,3,0,"" 
http://drivers.jbhunt.com/job-detail?id=5265-3567-2017-02-06,https://drivers.jbhunt.com/job-detail?id=5265-3567-2017-02-06,3,0,"" 
http://drivers.jbhunt.com/job-detail?id=5267-15358-2017-08-18,https://drivers.jbhunt.com/job-detail?id=5267-15358-2017-08-18,1,0,"" 
http://drivers.jbhunt.com/job-detail?id=5267-18100-2017-08-18,https://drivers.jbhunt.com/job-detail?id=5267-18100-2017-08-18,1,0,"" 
http://drivers.jbhunt.com/job-detail?id=5267-19100-2017-08-18,https://drivers.jbhunt.com/job-detail?id=5267-19100-2017-08-18,1,0,"" 
http://drivers.jbhunt.com/job-detail?id=5364-12881-2017-08-18,https://drivers.jbhunt.com/job-detail?id=5364-12881-2017-08-18,1,0,"" 
http://drivers.jbhunt.com/job-detail?id=5364-13198-2017-08-18,https://drivers.jbhunt.com/job-detail?id=5364-13198-2017-08-18,1,0,"" 
http://drivers.jbhunt.com/job-detail?id=5364-14646-2017-08-18,https://drivers.jbhunt.com/job-detail?id=5364-14646-2017-08-18,1,0,"" 
http://drivers.jbhunt.com/job-detail?id=5364-14886-2017-08-18,https://drivers.jbhunt.com/job-detail?id=5364-14886-2017-08-18,1,0,"" 
http://drivers.jbhunt.com/job-detail?id=5364-28705-2017-08-18,https://drivers.jbhunt.com/job-detail?id=5364-28705-2017-08-18,1,0,"" 
http://drivers.jbhunt.com/job-detail?id=5364-28808-2017-08-18,https://drivers.jbhunt.com/job-detail?id=5364-28808-2017-08-18,1,0,"" 
http://drivers.jbhunt.com/job-detail?id=5369-12881-2017-08-18,https://drivers.jbhunt.com/job-detail?id=5369-12881-2017-08-18,1,0,"" 
http://drivers.jbhunt.com/job-detail?id=5369-13198-2017-08-18,https://drivers.jbhunt.com/job-detail?id=5369-13198-2017-08-18,1,0,"" 
http://drivers.jbhunt.com/job-detail?id=5369-14646-2017-08-18,https://drivers.jbhunt.com/job-detail?id=5369-14646-2017-08-18,1,0,"" 
http://drivers.jbhunt.com/job-detail?id=5369-14886-2017-08-18,https://drivers.jbhunt.com/job-detail?id=5369-14886-2017-08-18,1,0,"" 
http://drivers.jbhunt.com/job-detail?id=5369-28705-2017-08-18,https://drivers.jbhunt.com/job-detail?id=5369-28705-2017-08-18,1,0,"" 
http://drivers.jbhunt.com/job-detail?id=5369-28808-2017-08-18,https://drivers.jbhunt.com/job-detail?id=5369-28808-2017-08-18,1,0,"" 
http://drivers.jbhunt.com/job-detail?id=5508-17174-2017-08-18,https://drivers.jbhunt.com/job-detail?id=5508-17174-2017-08-18,1,0,"" 
http://drivers.jbhunt.com/job-detail?id=5797-3567-2017-08-18,https://drivers.jbhunt.com/job-detail?id=5797-3567-2017-08-18,3,0,"" 
http://drivers.jbhunt.com/job-detail?id=5798-3567-2017-08-18,https://drivers.jbhunt.com/job-detail?id=5798-3567-2017-08-18,3,0,"" 
http://drivers.jbhunt.com/job-detail?id=5826-22722-2017-05-02,https://drivers.jbhunt.com/job-detail?id=5826-22722-2017-05-02,1,0,"" 
http://drivers.jbhunt.com/job-detail?id=5827-22722-2017-06-27,https://drivers.jbhunt.com/job-detail?id=5827-22722-2017-06-27,1,0,"" 
http://drivers.jbhunt.com/job-detail?id=6002-9165-2017-08-18,https://drivers.jbhunt.com/job-detail?id=6002-9165-2017-08-18,1,0,"" 
http://drivers.jbhunt.com/job-detail?id=6115-207-2017-09-20,https://drivers.jbhunt.com/job-detail?id=6115-207-2017-09-20,3,0,"" 
http://www.au.af.mil/au/barnes/ccaf/transcripts.asp,http://www.airuniversity.af.mil/barnes/ccaf,1,1,"../vets-website/content/pages/employment/job-seekers/military-transcripts.md" 
http://www.chicagomanualofstyle.org/,http://www.chicagomanualofstyle.org/home.html,1,1,"../vets-website/content/pages/playbook/editorial.html" 
http://www.corporategray.com/jobfairs,https://www.corporategray.com/jobfairs,1,1,"../vets-website/content/pages/employment/job-seekers/career-fairs.md" 
http://www.lepsn.org/images/pdfs/VA%20Form%2022-1999%20-%20VA%20Enrollment%20Certification.pdf,http://www.lepsn.org/images/pdfs/VA%20Form%2022-1999%20-%20VA%20Enrollment%20Certification.pdf,2,0,"" 
http://www.veteranhiring.com/,https://www.hugedomains.com/domain_profile.cfm?d=veteranhiring&e=com,1,0,"" 
https://accounts.google.com/o/oauth2/auth?access_type=offline&client_id=949670661176-6chimfu6jjdhkhn4vthprj0fa0t3huvr.apps.googleusercontent.com&redirect_uri=https%3A%2F%2Fwww.vets.gov%2Femployment%2Fusers%2Fauth%2Fgoogle_oauth2%2Fcallback&response_type=code&scope=email+profile&state=d7a5062bcdaf37867ba0683eecf74f5871c1f022e23ad5d6,https://accounts.google.com/ServiceLogin?passive=1209600&continue=https://accounts.google.com/o/oauth2/auth?access_type%3Doffline%26client_id%3D949670661176-6chimfu6jjdhkhn4vthprj0fa0t3huvr.apps.googleusercontent.com%26redirect_uri%3Dhttps://www.vets.gov/employment/users/auth/google_oauth2/callback%26response_type%3Dcode%26scope%3Demail%2Bprofile%26state%3Dd7a5062bcdaf37867ba0683eecf74f5871c1f022e23ad5d6%26from_login%3D1%26as%3D-e9195d078b73ea7&oauth=1&sarp=1&scc=1,0,0,"" 
https://dodtap.mil/index.html,https://dodtap.mil/my.policy,1,1,"../vets-website/content/pages/employment/job-seekers/less-than-one-year.md" 
https://get.adobe.com/reader/,https://get.adobe.com/reader/otherversions/,2,1,"../vets-website/src/js/letters/containers/LetterList.jsx" 
https://gibill.custhelp.com/app/ask/,https://gibill.custhelp.com/app/utils/login_form/redirect/ask,4,2,"../vets-website/content/pages/education/gi-bill/foreign-programs.md|../vets-website/src/js/edu-benefits/components/GetFormHelp.jsx" 
https://jkodirect.jten.mil/,https://jkodirect.jten.mil/Atlas2/page/login/Login.jsf,2,0,"" 
https://myaccess.dmdc.osd.mil/identitymanagement/help.do?execution=e1s1,https://myaccess.dmdc.osd.mil/my.policy,1,1,"../vets-website/content/pages/employment/job-seekers/family-members.md" 
https://myaccess.dmdc.osd.mil/identitymanagement/registration.do?execution=e4s1,https://myaccess.dmdc.osd.mil/my.policy,2,0,"" 
https://nodejs.org/,https://nodejs.org/en/,1,1,"../vets-website/content/pages/playbook/design/code.html" 
https://pages.18f.gov/accessibility/,https://accessibility.18f.gov/,1,1,"../vets-website/content/pages/playbook/index.html" 
https://playbook.cio.gov/designstandards/,https://standards.usa.gov/,4,4,"../vets-website/content/pages/playbook/design/code.html|../vets-website/content/pages/playbook/design/components.html|../vets-website/content/pages/playbook/design/visual.html|../vets-website/content/pages/playbook/index.html" 
https://www.clfamilymembers.fsc.va.gov/App/StepApplicant,https://www.clfamilymembers.fsc.va.gov/Home/Index?ReturnUrl=%2FApp%2FStepApplicant,1,1,"../vets-website/content/pages/disability-benefits/conditions/exposure-to-hazardous-materials/contaminated-drinking-water-at-camp-lejeune.md" 
https://www.dmdc.osd.mil/mfh/getLinks.do?tab=Services,https://www.dmdc.osd.mil/mfh/services/home/getInfo?tab=Redirect,1,0,"" 
https://www.dmdc.osd.mil/milconnect,https://www.dmdc.osd.mil/milconnect/,3,3,"../vets-website/content/pages/life-insurance/options-and-eligibility/fsgli.md|../vets-website/content/pages/life-insurance/options-and-eligibility/sgli.md" 
https://www.surveymonkey.com/r/QSGQRFN,https://www.surveymonkey.com/survey-closed/?sm=FJHklU3G8dZiAvMvaXCjHbRQzq11Lm9wxWgvT3bLmUfVF_2BDwr4Heo0_2BnYHEhahfBKrDxUsNaZ3DU3iPeqmxGl_2FwdWj3AJAYhMRrDOUGicxY_3D,14,2,"../vets-website/content/pages/employment/job-seekers.md" 
