URL,Status Code,Status,Inlinks,Redirect URI
http://drivers.jbhunt.com/job-detail?id=4248-11415-2017-02-06,302,Found,1,https://drivers.jbhunt.com/job-detail?id=4248-11415-2017-02-06
http://drivers.jbhunt.com/job-detail?id=4473-11188-2017-08-18,302,Found,1,https://drivers.jbhunt.com/job-detail?id=4473-11188-2017-08-18
http://drivers.jbhunt.com/job-detail?id=4473-11407-2017-08-18,302,Found,1,https://drivers.jbhunt.com/job-detail?id=4473-11407-2017-08-18
http://drivers.jbhunt.com/job-detail?id=4473-14618-2017-08-18,302,Found,1,https://drivers.jbhunt.com/job-detail?id=4473-14618-2017-08-18
http://drivers.jbhunt.com/job-detail?id=4473-14885-2017-08-18,302,Found,1,https://drivers.jbhunt.com/job-detail?id=4473-14885-2017-08-18
http://drivers.jbhunt.com/job-detail?id=4473-18338-2017-08-18,302,Found,1,https://drivers.jbhunt.com/job-detail?id=4473-18338-2017-08-18
http://drivers.jbhunt.com/job-detail?id=4473-18417-2017-08-18,302,Found,1,https://drivers.jbhunt.com/job-detail?id=4473-18417-2017-08-18
http://drivers.jbhunt.com/job-detail?id=4473-18467-2017-08-18,302,Found,1,https://drivers.jbhunt.com/job-detail?id=4473-18467-2017-08-18
http://drivers.jbhunt.com/job-detail?id=4473-19076-2017-08-18,302,Found,1,https://drivers.jbhunt.com/job-detail?id=4473-19076-2017-08-18
http://drivers.jbhunt.com/job-detail?id=4473-28706-2017-08-18,302,Found,1,https://drivers.jbhunt.com/job-detail?id=4473-28706-2017-08-18
http://drivers.jbhunt.com/job-detail?id=4473-28806-2017-08-18,302,Found,1,https://drivers.jbhunt.com/job-detail?id=4473-28806-2017-08-18
http://drivers.jbhunt.com/job-detail?id=4625-12613-2017-08-18,302,Found,1,https://drivers.jbhunt.com/job-detail?id=4625-12613-2017-08-18
http://drivers.jbhunt.com/job-detail?id=4628-12613-2017-08-18,302,Found,1,https://drivers.jbhunt.com/job-detail?id=4628-12613-2017-08-18
http://drivers.jbhunt.com/job-detail?id=4638-13242-2017-02-06,302,Found,1,https://drivers.jbhunt.com/job-detail?id=4638-13242-2017-02-06
http://drivers.jbhunt.com/job-detail?id=4642-16792-2017-02-07,302,Found,1,https://drivers.jbhunt.com/job-detail?id=4642-16792-2017-02-07
http://drivers.jbhunt.com/job-detail?id=4824-27468-2017-02-10,302,Found,1,https://drivers.jbhunt.com/job-detail?id=4824-27468-2017-02-10
http://drivers.jbhunt.com/job-detail?id=4862-27763-2017-02-06,302,Found,1,https://drivers.jbhunt.com/job-detail?id=4862-27763-2017-02-06
http://drivers.jbhunt.com/job-detail?id=4884-19848-2017-02-09,302,Found,1,https://drivers.jbhunt.com/job-detail?id=4884-19848-2017-02-09
http://drivers.jbhunt.com/job-detail?id=4885-23983-2017-02-07,302,Found,1,https://drivers.jbhunt.com/job-detail?id=4885-23983-2017-02-07
http://drivers.jbhunt.com/job-detail?id=4892-13647-2017-08-18,302,Found,1,https://drivers.jbhunt.com/job-detail?id=4892-13647-2017-08-18
http://drivers.jbhunt.com/job-detail?id=4894-28889-2017-08-18,302,Found,1,https://drivers.jbhunt.com/job-detail?id=4894-28889-2017-08-18
http://drivers.jbhunt.com/job-detail?id=4895-28889-2017-08-18,302,Found,1,https://drivers.jbhunt.com/job-detail?id=4895-28889-2017-08-18
http://drivers.jbhunt.com/job-detail?id=4898-27468-2017-02-06,302,Found,1,https://drivers.jbhunt.com/job-detail?id=4898-27468-2017-02-06
http://drivers.jbhunt.com/job-detail?id=4903-12620-2017-08-18,302,Found,1,https://drivers.jbhunt.com/job-detail?id=4903-12620-2017-08-18
http://drivers.jbhunt.com/job-detail?id=4904-12620-2017-08-18,302,Found,1,https://drivers.jbhunt.com/job-detail?id=4904-12620-2017-08-18
http://drivers.jbhunt.com/job-detail?id=4905-26119-2017-08-17,302,Found,1,https://drivers.jbhunt.com/job-detail?id=4905-26119-2017-08-17
http://drivers.jbhunt.com/job-detail?id=4905-26575-2017-08-17,302,Found,1,https://drivers.jbhunt.com/job-detail?id=4905-26575-2017-08-17
http://drivers.jbhunt.com/job-detail?id=4905-26673-2017-08-17,302,Found,1,https://drivers.jbhunt.com/job-detail?id=4905-26673-2017-08-17
http://drivers.jbhunt.com/job-detail?id=4905-26679-2017-08-17,302,Found,1,https://drivers.jbhunt.com/job-detail?id=4905-26679-2017-08-17
http://drivers.jbhunt.com/job-detail?id=4905-26748-2017-08-17,302,Found,1,https://drivers.jbhunt.com/job-detail?id=4905-26748-2017-08-17
http://drivers.jbhunt.com/job-detail?id=4905-26916-2017-08-17,302,Found,1,https://drivers.jbhunt.com/job-detail?id=4905-26916-2017-08-17
http://drivers.jbhunt.com/job-detail?id=4905-27318-2017-08-17,302,Found,1,https://drivers.jbhunt.com/job-detail?id=4905-27318-2017-08-17
http://drivers.jbhunt.com/job-detail?id=4905-27339-2017-08-17,302,Found,1,https://drivers.jbhunt.com/job-detail?id=4905-27339-2017-08-17
http://drivers.jbhunt.com/job-detail?id=4905-27376-2017-08-17,302,Found,1,https://drivers.jbhunt.com/job-detail?id=4905-27376-2017-08-17
http://drivers.jbhunt.com/job-detail?id=4905-27409-2017-08-17,302,Found,1,https://drivers.jbhunt.com/job-detail?id=4905-27409-2017-08-17
http://drivers.jbhunt.com/job-detail?id=4905-27423-2017-08-17,302,Found,1,https://drivers.jbhunt.com/job-detail?id=4905-27423-2017-08-17
http://drivers.jbhunt.com/job-detail?id=4909-19847-2017-08-18,302,Found,1,https://drivers.jbhunt.com/job-detail?id=4909-19847-2017-08-18
http://drivers.jbhunt.com/job-detail?id=4910-19847-2017-08-18,302,Found,1,https://drivers.jbhunt.com/job-detail?id=4910-19847-2017-08-18
http://drivers.jbhunt.com/job-detail?id=4913-27763-2017-02-07,302,Found,1,https://drivers.jbhunt.com/job-detail?id=4913-27763-2017-02-07
http://drivers.jbhunt.com/job-detail?id=4915-16792-2017-02-07,302,Found,1,https://drivers.jbhunt.com/job-detail?id=4915-16792-2017-02-07
http://drivers.jbhunt.com/job-detail?id=4916-11188-2017-08-18,302,Found,1,https://drivers.jbhunt.com/job-detail?id=4916-11188-2017-08-18
http://drivers.jbhunt.com/job-detail?id=4916-11415-2017-08-18,302,Found,1,https://drivers.jbhunt.com/job-detail?id=4916-11415-2017-08-18
http://drivers.jbhunt.com/job-detail?id=4916-14618-2017-08-18,302,Found,1,https://drivers.jbhunt.com/job-detail?id=4916-14618-2017-08-18
http://drivers.jbhunt.com/job-detail?id=4916-14885-2017-08-18,302,Found,1,https://drivers.jbhunt.com/job-detail?id=4916-14885-2017-08-18
http://drivers.jbhunt.com/job-detail?id=4916-18338-2017-08-18,302,Found,1,https://drivers.jbhunt.com/job-detail?id=4916-18338-2017-08-18
http://drivers.jbhunt.com/job-detail?id=4916-18417-2017-08-18,302,Found,1,https://drivers.jbhunt.com/job-detail?id=4916-18417-2017-08-18
http://drivers.jbhunt.com/job-detail?id=4916-18467-2017-08-18,302,Found,1,https://drivers.jbhunt.com/job-detail?id=4916-18467-2017-08-18
http://drivers.jbhunt.com/job-detail?id=4916-19076-2017-08-18,302,Found,1,https://drivers.jbhunt.com/job-detail?id=4916-19076-2017-08-18
http://drivers.jbhunt.com/job-detail?id=4916-28706-2017-08-18,302,Found,1,https://drivers.jbhunt.com/job-detail?id=4916-28706-2017-08-18
http://drivers.jbhunt.com/job-detail?id=4916-28806-2017-08-18,302,Found,1,https://drivers.jbhunt.com/job-detail?id=4916-28806-2017-08-18
http://drivers.jbhunt.com/job-detail?id=4916-29084-2017-08-18,302,Found,1,https://drivers.jbhunt.com/job-detail?id=4916-29084-2017-08-18
http://drivers.jbhunt.com/job-detail?id=4917-11415-2017-08-18,302,Found,1,https://drivers.jbhunt.com/job-detail?id=4917-11415-2017-08-18
http://drivers.jbhunt.com/job-detail?id=4922-13242-2017-02-07,302,Found,1,https://drivers.jbhunt.com/job-detail?id=4922-13242-2017-02-07
http://drivers.jbhunt.com/job-detail?id=4934-10460-2017-02-09,302,Found,1,https://drivers.jbhunt.com/job-detail?id=4934-10460-2017-02-09
http://drivers.jbhunt.com/job-detail?id=4952-28430-2017-08-18,302,Found,1,https://drivers.jbhunt.com/job-detail?id=4952-28430-2017-08-18
http://drivers.jbhunt.com/job-detail?id=4953-28430-2017-08-18,302,Found,1,https://drivers.jbhunt.com/job-detail?id=4953-28430-2017-08-18
http://drivers.jbhunt.com/job-detail?id=4957-12621-2017-02-09,302,Found,1,https://drivers.jbhunt.com/job-detail?id=4957-12621-2017-02-09
http://drivers.jbhunt.com/job-detail?id=4981-20619-2017-08-18,302,Found,1,https://drivers.jbhunt.com/job-detail?id=4981-20619-2017-08-18
http://drivers.jbhunt.com/job-detail?id=4987-21149-2017-08-17,302,Found,1,https://drivers.jbhunt.com/job-detail?id=4987-21149-2017-08-17
http://drivers.jbhunt.com/job-detail?id=4988-21149-2017-08-18,302,Found,1,https://drivers.jbhunt.com/job-detail?id=4988-21149-2017-08-18
http://drivers.jbhunt.com/job-detail?id=4989-228-2017-08-18,302,Found,3,https://drivers.jbhunt.com/job-detail?id=4989-228-2017-08-18
http://drivers.jbhunt.com/job-detail?id=5040-19488-2017-08-18,302,Found,1,https://drivers.jbhunt.com/job-detail?id=5040-19488-2017-08-18
http://drivers.jbhunt.com/job-detail?id=5044-28889-2017-08-18,302,Found,1,https://drivers.jbhunt.com/job-detail?id=5044-28889-2017-08-18
http://drivers.jbhunt.com/job-detail?id=5045-28889-2017-08-18,302,Found,1,https://drivers.jbhunt.com/job-detail?id=5045-28889-2017-08-18
http://drivers.jbhunt.com/job-detail?id=5075-17121-2017-02-06,302,Found,1,https://drivers.jbhunt.com/job-detail?id=5075-17121-2017-02-06
http://drivers.jbhunt.com/job-detail?id=5128-2923-2017-02-09,302,Found,3,https://drivers.jbhunt.com/job-detail?id=5128-2923-2017-02-09
http://drivers.jbhunt.com/job-detail?id=5136-12611-2017-02-06,302,Found,1,https://drivers.jbhunt.com/job-detail?id=5136-12611-2017-02-06
http://drivers.jbhunt.com/job-detail?id=5137-10460-2017-02-06,302,Found,1,https://drivers.jbhunt.com/job-detail?id=5137-10460-2017-02-06
http://drivers.jbhunt.com/job-detail?id=5139-2923-2017-08-17,302,Found,3,https://drivers.jbhunt.com/job-detail?id=5139-2923-2017-08-17
http://drivers.jbhunt.com/job-detail?id=5145-23983-2017-02-06,302,Found,1,https://drivers.jbhunt.com/job-detail?id=5145-23983-2017-02-06
http://drivers.jbhunt.com/job-detail?id=5217-15350-2017-08-17,302,Found,1,https://drivers.jbhunt.com/job-detail?id=5217-15350-2017-08-17
http://drivers.jbhunt.com/job-detail?id=5218-15350-2017-04-20,302,Found,1,https://drivers.jbhunt.com/job-detail?id=5218-15350-2017-04-20
http://drivers.jbhunt.com/job-detail?id=5228-4148-2017-02-09,302,Found,3,https://drivers.jbhunt.com/job-detail?id=5228-4148-2017-02-09
http://drivers.jbhunt.com/job-detail?id=5229-4148-2016-01-13,302,Found,3,https://drivers.jbhunt.com/job-detail?id=5229-4148-2016-01-13
http://drivers.jbhunt.com/job-detail?id=5238-13051-2017-08-18,302,Found,1,https://drivers.jbhunt.com/job-detail?id=5238-13051-2017-08-18
http://drivers.jbhunt.com/job-detail?id=5239-13051-2017-08-18,302,Found,1,https://drivers.jbhunt.com/job-detail?id=5239-13051-2017-08-18
http://drivers.jbhunt.com/job-detail?id=5264-3567-2017-02-10,302,Found,3,https://drivers.jbhunt.com/job-detail?id=5264-3567-2017-02-10
http://drivers.jbhunt.com/job-detail?id=5265-3567-2017-02-06,302,Found,3,https://drivers.jbhunt.com/job-detail?id=5265-3567-2017-02-06
http://drivers.jbhunt.com/job-detail?id=5267-15358-2017-08-18,302,Found,1,https://drivers.jbhunt.com/job-detail?id=5267-15358-2017-08-18
http://drivers.jbhunt.com/job-detail?id=5267-18100-2017-08-18,302,Found,1,https://drivers.jbhunt.com/job-detail?id=5267-18100-2017-08-18
http://drivers.jbhunt.com/job-detail?id=5267-19100-2017-08-18,302,Found,1,https://drivers.jbhunt.com/job-detail?id=5267-19100-2017-08-18
http://drivers.jbhunt.com/job-detail?id=5364-12881-2017-08-18,302,Found,1,https://drivers.jbhunt.com/job-detail?id=5364-12881-2017-08-18
http://drivers.jbhunt.com/job-detail?id=5364-13198-2017-08-18,302,Found,1,https://drivers.jbhunt.com/job-detail?id=5364-13198-2017-08-18
http://drivers.jbhunt.com/job-detail?id=5364-14646-2017-08-18,302,Found,1,https://drivers.jbhunt.com/job-detail?id=5364-14646-2017-08-18
http://drivers.jbhunt.com/job-detail?id=5364-14886-2017-08-18,302,Found,1,https://drivers.jbhunt.com/job-detail?id=5364-14886-2017-08-18
http://drivers.jbhunt.com/job-detail?id=5364-28705-2017-08-18,302,Found,1,https://drivers.jbhunt.com/job-detail?id=5364-28705-2017-08-18
http://drivers.jbhunt.com/job-detail?id=5364-28808-2017-08-18,302,Found,1,https://drivers.jbhunt.com/job-detail?id=5364-28808-2017-08-18
http://drivers.jbhunt.com/job-detail?id=5369-12881-2017-08-18,302,Found,1,https://drivers.jbhunt.com/job-detail?id=5369-12881-2017-08-18
http://drivers.jbhunt.com/job-detail?id=5369-13198-2017-08-18,302,Found,1,https://drivers.jbhunt.com/job-detail?id=5369-13198-2017-08-18
http://drivers.jbhunt.com/job-detail?id=5369-14646-2017-08-18,302,Found,1,https://drivers.jbhunt.com/job-detail?id=5369-14646-2017-08-18
http://drivers.jbhunt.com/job-detail?id=5369-14886-2017-08-18,302,Found,1,https://drivers.jbhunt.com/job-detail?id=5369-14886-2017-08-18
http://drivers.jbhunt.com/job-detail?id=5369-28705-2017-08-18,302,Found,1,https://drivers.jbhunt.com/job-detail?id=5369-28705-2017-08-18
http://drivers.jbhunt.com/job-detail?id=5369-28808-2017-08-18,302,Found,1,https://drivers.jbhunt.com/job-detail?id=5369-28808-2017-08-18
http://drivers.jbhunt.com/job-detail?id=5508-17174-2017-08-18,302,Found,1,https://drivers.jbhunt.com/job-detail?id=5508-17174-2017-08-18
http://drivers.jbhunt.com/job-detail?id=5797-3567-2017-08-18,302,Found,3,https://drivers.jbhunt.com/job-detail?id=5797-3567-2017-08-18
http://drivers.jbhunt.com/job-detail?id=5798-3567-2017-08-18,302,Found,3,https://drivers.jbhunt.com/job-detail?id=5798-3567-2017-08-18
http://drivers.jbhunt.com/job-detail?id=5826-22722-2017-05-02,302,Found,1,https://drivers.jbhunt.com/job-detail?id=5826-22722-2017-05-02
http://drivers.jbhunt.com/job-detail?id=5827-22722-2017-06-27,302,Found,1,https://drivers.jbhunt.com/job-detail?id=5827-22722-2017-06-27
http://drivers.jbhunt.com/job-detail?id=6002-9165-2017-08-18,302,Found,1,https://drivers.jbhunt.com/job-detail?id=6002-9165-2017-08-18
http://drivers.jbhunt.com/job-detail?id=6115-207-2017-09-20,302,Found,3,https://drivers.jbhunt.com/job-detail?id=6115-207-2017-09-20
http://www.au.af.mil/au/barnes/ccaf/transcripts.asp,302,Moved Temporarily,1,http://www.airuniversity.af.mil/barnes/ccaf
http://www.chicagomanualofstyle.org/,302,Found,1,http://www.chicagomanualofstyle.org/home.html
http://www.corporategray.com/jobfairs,302,Found,1,https://www.corporategray.com/jobfairs
http://www.lepsn.org/images/pdfs/VA%20Form%2022-1999%20-%20VA%20Enrollment%20Certification.pdf,302,Found,2,http://www.lepsn.org/images/pdfs/VA%20Form%2022-1999%20-%20VA%20Enrollment%20Certification.pdf
http://www.veteranhiring.com/,302,Found,1,https://www.hugedomains.com/domain_profile.cfm?d=veteranhiring&e=com
https://accounts.google.com/o/oauth2/auth?access_type=offline&client_id=949670661176-6chimfu6jjdhkhn4vthprj0fa0t3huvr.apps.googleusercontent.com&redirect_uri=https%3A%2F%2Fwww.vets.gov%2Femployment%2Fusers%2Fauth%2Fgoogle_oauth2%2Fcallback&response_type=code&scope=email+profile&state=d7a5062bcdaf37867ba0683eecf74f5871c1f022e23ad5d6,302,Found,0,https://accounts.google.com/ServiceLogin?passive=1209600&continue=https://accounts.google.com/o/oauth2/auth?access_type%3Doffline%26client_id%3D949670661176-6chimfu6jjdhkhn4vthprj0fa0t3huvr.apps.googleusercontent.com%26redirect_uri%3Dhttps://www.vets.gov/employment/users/auth/google_oauth2/callback%26response_type%3Dcode%26scope%3Demail%2Bprofile%26state%3Dd7a5062bcdaf37867ba0683eecf74f5871c1f022e23ad5d6%26from_login%3D1%26as%3D-e9195d078b73ea7&oauth=1&sarp=1&scc=1
https://dodtap.mil/index.html,302,Found,1,https://dodtap.mil/my.policy
https://get.adobe.com/reader/,302,Moved Temporarily,2,https://get.adobe.com/reader/otherversions/
https://gibill.custhelp.com/app/ask/,302,Moved Temporarily,4,https://gibill.custhelp.com/app/utils/login_form/redirect/ask
https://jkodirect.jten.mil/,302,Found,2,https://jkodirect.jten.mil/Atlas2/page/login/Login.jsf
https://myaccess.dmdc.osd.mil/identitymanagement/help.do?execution=e1s1,302,Found,1,https://myaccess.dmdc.osd.mil/my.policy
https://myaccess.dmdc.osd.mil/identitymanagement/registration.do?execution=e4s1,302,Found,2,https://myaccess.dmdc.osd.mil/my.policy
https://nodejs.org/,302,Moved Temporarily,1,https://nodejs.org/en/
https://pages.18f.gov/accessibility/,302,Moved Temporarily,1,https://accessibility.18f.gov/
https://playbook.cio.gov/designstandards/,302,Found,4,https://standards.usa.gov/
https://www.clfamilymembers.fsc.va.gov/App/StepApplicant,302,Found,1,https://www.clfamilymembers.fsc.va.gov/Home/Index?ReturnUrl=%2FApp%2FStepApplicant
https://www.dmdc.osd.mil/mfh/getLinks.do?tab=Services,302,Moved Temporarily,1,https://www.dmdc.osd.mil/mfh/services/home/getInfo?tab=Redirect
https://www.dmdc.osd.mil/milconnect,302,Moved Temporarily,3,https://www.dmdc.osd.mil/milconnect/
https://www.surveymonkey.com/r/QSGQRFN,302,Found,14,https://www.surveymonkey.com/survey-closed/?sm=FJHklU3G8dZiAvMvaXCjHbRQzq11Lm9wxWgvT3bLmUfVF_2BDwr4Heo0_2BnYHEhahfBKrDxUsNaZ3DU3iPeqmxGl_2FwdWj3AJAYhMRrDOUGicxY_3D